PatientID,firstname,lastname,email,full_name,email_domain
919,Anallese,Halla,Anallese.Halla@yopmail.com,Anallese Halla,yopmail.com
535,Shel,Dearborn,Shel.Dearborn@yopmail.com,Shel Dearborn,yopmail.com
830,Mara,Shuler,Mara.Shuler@yopmail.com,Mara Shuler,yopmail.com
398,Dale,Lewes,Dale.Lewes@yopmail.com,Dale Lewes,yopmail.com
375,Sharlene,Luhe,Sharlene.Luhe@yopmail.com,Sharlene Luhe,yopmail.com
566,Rebeca,Winnick,Rebeca.Winnick@yopmail.com,Rebeca Winnick,yopmail.com
404,Merry,Henebry,Merry.Henebry@yopmail.com,Merry Henebry,yopmail.com
922,Orsola,Torray,Orsola.Torray@yopmail.com,Orsola Torray,yopmail.com
603,Dolli,Anderea,Dolli.Anderea@yopmail.com,Dolli Anderea,yopmail.com
939,Mellicent,Shama,Mellicent.Shama@yopmail.com,Mellicent Shama,yopmail.com
334,Kaia,Taam,Kaia.Taam@yopmail.com,Kaia Taam,yopmail.com
906,Viviene,Autrey,Viviene.Autrey@yopmail.com,Viviene Autrey,yopmail.com
147,Winny,Arley,Winny.Arley@yopmail.com,Winny Arley,yopmail.com
599,Kylynn,Maryanne,Kylynn.Maryanne@yopmail.com,Kylynn Maryanne,yopmail.com
650,Wendi,Chem,Wendi.Chem@yopmail.com,Wendi Chem,yopmail.com
489,Lory,Wu,Lory.Wu@yopmail.com,Lory Wu,yopmail.com
404,Marcy,Vacuva,Marcy.Vacuva@yopmail.com,Marcy Vacuva,yopmail.com
318,Tori,Zeeba,Tori.Zeeba@yopmail.com,Tori Zeeba,yopmail.com
388,Dennie,Emmaline,Dennie.Emmaline@yopmail.com,Dennie Emmaline,yopmail.com
935,Meriel,Loring,Meriel.Loring@yopmail.com,Meriel Loring,yopmail.com
969,Roseline,Anton,Roseline.Anton@yopmail.com,Roseline Anton,yopmail.com
147,Marinna,Ortrude,Marinna.Ortrude@yopmail.com,Marinna Ortrude,yopmail.com
825,Norine,Elbertina,Norine.Elbertina@yopmail.com,Norine Elbertina,yopmail.com
464,Lynnea,Bennie,Lynnea.Bennie@yopmail.com,Lynnea Bennie,yopmail.com
804,Madelle,Camden,Madelle.Camden@yopmail.com,Madelle Camden,yopmail.com
350,Neila,Sprage,Neila.Sprage@yopmail.com,Neila Sprage,yopmail.com
888,Reeba,Romelda,Reeba.Romelda@yopmail.com,Reeba Romelda,yopmail.com
452,Joleen,Sophronia,Joleen.Sophronia@yopmail.com,Joleen Sophronia,yopmail.com
926,Doro,Tybald,Doro.Tybald@yopmail.com,Doro Tybald,yopmail.com
952,Brena,Cassius,Brena.Cassius@yopmail.com,Brena Cassius,yopmail.com
192,Fidelia,Buckler,Fidelia.Buckler@yopmail.com,Fidelia Buckler,yopmail.com
297,Kore,Genna,Kore.Genna@yopmail.com,Kore Genna,yopmail.com
659,Chere,Tice,Chere.Tice@yopmail.com,Chere Tice,yopmail.com
653,Allis,Edison,Allis.Edison@yopmail.com,Allis Edison,yopmail.com
813,Tiffie,Ochs,Tiffie.Ochs@yopmail.com,Tiffie Ochs,yopmail.com
124,Netty,Allina,Netty.Allina@yopmail.com,Netty Allina,yopmail.com
213,Gale,Pattin,Gale.Pattin@yopmail.com,Gale Pattin,yopmail.com
850,Dari,Agle,Dari.Agle@yopmail.com,Dari Agle,yopmail.com
228,Leona,Othilia,Leona.Othilia@yopmail.com,Leona Othilia,yopmail.com
685,Nataline,Sherrie,Nataline.Sherrie@yopmail.com,Nataline Sherrie,yopmail.com
561,Selia,Katrine,Selia.Katrine@yopmail.com,Selia Katrine,yopmail.com
931,Keelia,Olin,Keelia.Olin@yopmail.com,Keelia Olin,yopmail.com
925,Kassey,Amasa,Kassey.Amasa@yopmail.com,Kassey Amasa,yopmail.com
205,Corry,Neils,Corry.Neils@yopmail.com,Corry Neils,yopmail.com
723,Alex,Dituri,Alex.Dituri@yopmail.com,Alex Dituri,yopmail.com
159,Jan,Wyn,Jan.Wyn@yopmail.com,Jan Wyn,yopmail.com
747,Lila,Rhu,Lila.Rhu@yopmail.com,Lila Rhu,yopmail.com
285,Monika,Larochelle,Monika.Larochelle@yopmail.com,Monika Larochelle,yopmail.com
772,Glynnis,Yusuk,Glynnis.Yusuk@yopmail.com,Glynnis Yusuk,yopmail.com
844,Sandie,Saint,Sandie.Saint@yopmail.com,Sandie Saint,yopmail.com
317,Sallie,Alice,Sallie.Alice@yopmail.com,Sallie Alice,yopmail.com
241,Lynnea,Arquit,Lynnea.Arquit@yopmail.com,Lynnea Arquit,yopmail.com
952,Hildegaard,Maurine,Hildegaard.Maurine@yopmail.com,Hildegaard Maurine,yopmail.com
782,Jerry,Pattin,Jerry.Pattin@yopmail.com,Jerry Pattin,yopmail.com
199,Melina,Han,Melina.Han@yopmail.com,Melina Han,yopmail.com
625,Donetta,Sandye,Donetta.Sandye@yopmail.com,Donetta Sandye,yopmail.com
700,Georgetta,Dawkins,Georgetta.Dawkins@yopmail.com,Georgetta Dawkins,yopmail.com
942,Ingrid,McLaughlin,Ingrid.McLaughlin@yopmail.com,Ingrid McLaughlin,yopmail.com
275,Alleen,Cyrie,Alleen.Cyrie@yopmail.com,Alleen Cyrie,yopmail.com
338,Laurene,Garek,Laurene.Garek@yopmail.com,Laurene Garek,yopmail.com
580,Stephanie,Dash,Stephanie.Dash@yopmail.com,Stephanie Dash,yopmail.com
623,Beatriz,Matthew,Beatriz.Matthew@yopmail.com,Beatriz Matthew,yopmail.com
697,Basia,Sheedy,Basia.Sheedy@yopmail.com,Basia Sheedy,yopmail.com
271,Dode,Haymes,Dode.Haymes@yopmail.com,Dode Haymes,yopmail.com
935,Adele,Japeth,Adele.Japeth@yopmail.com,Adele Japeth,yopmail.com
700,Goldie,Sophronia,Goldie.Sophronia@yopmail.com,Goldie Sophronia,yopmail.com
867,Doro,Johnsson,Doro.Johnsson@yopmail.com,Doro Johnsson,yopmail.com
397,Lorenza,Gaynor,Lorenza.Gaynor@yopmail.com,Lorenza Gaynor,yopmail.com
532,Karina,Sisile,Karina.Sisile@yopmail.com,Karina Sisile,yopmail.com
880,Rosaline,Nicoline,Rosaline.Nicoline@yopmail.com,Rosaline Nicoline,yopmail.com
568,Kary,Telfer,Kary.Telfer@yopmail.com,Kary Telfer,yopmail.com
111,Leontine,Zachary,Leontine.Zachary@yopmail.com,Leontine Zachary,yopmail.com
151,Linet,Persse,Linet.Persse@yopmail.com,Linet Persse,yopmail.com
698,Imojean,Sekofski,Imojean.Sekofski@yopmail.com,Imojean Sekofski,yopmail.com
258,Marleah,Maiah,Marleah.Maiah@yopmail.com,Marleah Maiah,yopmail.com
547,Pearline,Carri,Pearline.Carri@yopmail.com,Pearline Carri,yopmail.com
454,Tera,Linehan,Tera.Linehan@yopmail.com,Tera Linehan,yopmail.com
824,Misha,Bonilla,Misha.Bonilla@yopmail.com,Misha Bonilla,yopmail.com
513,Sandie,Dash,Sandie.Dash@yopmail.com,Sandie Dash,yopmail.com
788,Bobbi,Jaylene,Bobbi.Jaylene@yopmail.com,Bobbi Jaylene,yopmail.com
816,Brena,Obed,Brena.Obed@yopmail.com,Brena Obed,yopmail.com
850,Mellicent,Virgin,Mellicent.Virgin@yopmail.com,Mellicent Virgin,yopmail.com
808,Cathyleen,Sigfrid,Cathyleen.Sigfrid@yopmail.com,Cathyleen Sigfrid,yopmail.com
779,Candi,Shaver,Candi.Shaver@yopmail.com,Candi Shaver,yopmail.com
480,Sharlene,Kiersten,Sharlene.Kiersten@yopmail.com,Sharlene Kiersten,yopmail.com
590,Courtnay,Wittie,Courtnay.Wittie@yopmail.com,Courtnay Wittie,yopmail.com
202,Rivalee,Loring,Rivalee.Loring@yopmail.com,Rivalee Loring,yopmail.com
354,Ivett,Milson,Ivett.Milson@yopmail.com,Ivett Milson,yopmail.com
226,Gianina,Bevin,Gianina.Bevin@yopmail.com,Gianina Bevin,yopmail.com
550,Marcelline,Keelia,Marcelline.Keelia@yopmail.com,Marcelline Keelia,yopmail.com
387,Kayla,Emmy,Kayla.Emmy@yopmail.com,Kayla Emmy,yopmail.com
551,Raf,McCutcheon,Raf.McCutcheon@yopmail.com,Raf McCutcheon,yopmail.com
929,Sonni,Regan,Sonni.Regan@yopmail.com,Sonni Regan,yopmail.com
166,Marcy,Melleta,Marcy.Melleta@yopmail.com,Marcy Melleta,yopmail.com
465,Mathilda,Torray,Mathilda.Torray@yopmail.com,Mathilda Torray,yopmail.com
523,Yolane,Kevon,Yolane.Kevon@yopmail.com,Yolane Kevon,yopmail.com
963,Consuela,Heisel,Consuela.Heisel@yopmail.com,Consuela Heisel,yopmail.com
533,Jany,Hortensia,Jany.Hortensia@yopmail.com,Jany Hortensia,yopmail.com
984,Perry,Dudley,Perry.Dudley@yopmail.com,Perry Dudley,yopmail.com
623,Jackie,Lay,Jackie.Lay@yopmail.com,Jackie Lay,yopmail.com
460,Evita,Silvan,Evita.Silvan@yopmail.com,Evita Silvan,yopmail.com
756,Sissy,Kelula,Sissy.Kelula@yopmail.com,Sissy Kelula,yopmail.com
120,Camile,Ovid,Camile.Ovid@yopmail.com,Camile Ovid,yopmail.com
527,Amalie,Raffo,Amalie.Raffo@yopmail.com,Amalie Raffo,yopmail.com
979,Winifred,Tice,Winifred.Tice@yopmail.com,Winifred Tice,yopmail.com
405,Annaliese,Gaulin,Annaliese.Gaulin@yopmail.com,Annaliese Gaulin,yopmail.com
849,Marti,Jarib,Marti.Jarib@yopmail.com,Marti Jarib,yopmail.com
628,Marcelline,Peg,Marcelline.Peg@yopmail.com,Marcelline Peg,yopmail.com
297,Ariela,Ietta,Ariela.Ietta@yopmail.com,Ariela Ietta,yopmail.com
610,Trixi,Hollingsworth,Trixi.Hollingsworth@yopmail.com,Trixi Hollingsworth,yopmail.com
174,Cam,Cordi,Cam.Cordi@yopmail.com,Cam Cordi,yopmail.com
978,Aryn,Arvo,Aryn.Arvo@yopmail.com,Aryn Arvo,yopmail.com
952,Lanae,Havens,Lanae.Havens@yopmail.com,Lanae Havens,yopmail.com
211,Sara-Ann,Amadas,Sara-Ann.Amadas@yopmail.com,Sara-Ann Amadas,yopmail.com
184,Consuela,Macey,Consuela.Macey@yopmail.com,Consuela Macey,yopmail.com
203,Chickie,Fiester,Chickie.Fiester@yopmail.com,Chickie Fiester,yopmail.com
867,Marika,Etom,Marika.Etom@yopmail.com,Marika Etom,yopmail.com
848,Sybille,McLaughlin,Sybille.McLaughlin@yopmail.com,Sybille McLaughlin,yopmail.com
405,Ilse,Gamaliel,Ilse.Gamaliel@yopmail.com,Ilse Gamaliel,yopmail.com
562,Sam,Florina,Sam.Florina@yopmail.com,Sam Florina,yopmail.com
686,Sherrie,Ashely,Sherrie.Ashely@yopmail.com,Sherrie Ashely,yopmail.com
405,Hannis,Madox,Hannis.Madox@yopmail.com,Hannis Madox,yopmail.com
347,Latisha,Percy,Latisha.Percy@yopmail.com,Latisha Percy,yopmail.com
574,Camile,Jammal,Camile.Jammal@yopmail.com,Camile Jammal,yopmail.com
739,Claresta,Lane,Claresta.Lane@yopmail.com,Claresta Lane,yopmail.com
730,Agnese,Gherardo,Agnese.Gherardo@yopmail.com,Agnese Gherardo,yopmail.com
645,Tiffie,Johnsson,Tiffie.Johnsson@yopmail.com,Tiffie Johnsson,yopmail.com
240,Margette,Belldas,Margette.Belldas@yopmail.com,Margette Belldas,yopmail.com
241,Etta,Ambrosia,Etta.Ambrosia@yopmail.com,Etta Ambrosia,yopmail.com
747,Mary,Klemperer,Mary.Klemperer@yopmail.com,Mary Klemperer,yopmail.com
167,Nyssa,Hanleigh,Nyssa.Hanleigh@yopmail.com,Nyssa Hanleigh,yopmail.com
426,Philis,Sawtelle,Philis.Sawtelle@yopmail.com,Philis Sawtelle,yopmail.com
425,Dione,Revkah,Dione.Revkah@yopmail.com,Dione Revkah,yopmail.com
667,Ileana,Fabiola,Ileana.Fabiola@yopmail.com,Ileana Fabiola,yopmail.com
685,Antonietta,Reinke,Antonietta.Reinke@yopmail.com,Antonietta Reinke,yopmail.com
641,Andeee,Chapland,Andeee.Chapland@yopmail.com,Andeee Chapland,yopmail.com
341,Ebonee,Kendrick,Ebonee.Kendrick@yopmail.com,Ebonee Kendrick,yopmail.com
630,Brooks,Ephrem,Brooks.Ephrem@yopmail.com,Brooks Ephrem,yopmail.com
992,Angela,Claudine,Angela.Claudine@yopmail.com,Angela Claudine,yopmail.com
803,Gilligan,Rolf,Gilligan.Rolf@yopmail.com,Gilligan Rolf,yopmail.com
298,Chere,Dom,Chere.Dom@yopmail.com,Chere Dom,yopmail.com
263,Fernande,Nelsen,Fernande.Nelsen@yopmail.com,Fernande Nelsen,yopmail.com
514,Kirbee,Tarrant,Kirbee.Tarrant@yopmail.com,Kirbee Tarrant,yopmail.com
316,Kara-Lynn,Goddard,Kara-Lynn.Goddard@yopmail.com,Kara-Lynn Goddard,yopmail.com
161,Chloris,Crudden,Chloris.Crudden@yopmail.com,Chloris Crudden,yopmail.com
618,Molli,Liebermann,Molli.Liebermann@yopmail.com,Molli Liebermann,yopmail.com
773,Daryl,Cordi,Daryl.Cordi@yopmail.com,Daryl Cordi,yopmail.com
865,Bobbi,Ambrosia,Bobbi.Ambrosia@yopmail.com,Bobbi Ambrosia,yopmail.com
360,Frances,McGrody,Frances.McGrody@yopmail.com,Frances McGrody,yopmail.com
639,Misha,Yate,Misha.Yate@yopmail.com,Misha Yate,yopmail.com
499,Trudie,Erb,Trudie.Erb@yopmail.com,Trudie Erb,yopmail.com
930,Bernardine,Bates,Bernardine.Bates@yopmail.com,Bernardine Bates,yopmail.com
355,Sallie,Plato,Sallie.Plato@yopmail.com,Sallie Plato,yopmail.com
470,Emilia,Zetta,Emilia.Zetta@yopmail.com,Emilia Zetta,yopmail.com
438,Sissy,Bari,Sissy.Bari@yopmail.com,Sissy Bari,yopmail.com
959,Lory,Dash,Lory.Dash@yopmail.com,Lory Dash,yopmail.com
959,Thalia,Glenden,Thalia.Glenden@yopmail.com,Thalia Glenden,yopmail.com
434,Lauryn,Karl,Lauryn.Karl@yopmail.com,Lauryn Karl,yopmail.com
468,Mildrid,Brandice,Mildrid.Brandice@yopmail.com,Mildrid Brandice,yopmail.com
596,Susan,Christal,Susan.Christal@yopmail.com,Susan Christal,yopmail.com
194,Priscilla,Mathilde,Priscilla.Mathilde@yopmail.com,Priscilla Mathilde,yopmail.com
349,Emylee,Redmond,Emylee.Redmond@yopmail.com,Emylee Redmond,yopmail.com
502,Gretal,Pelagias,Gretal.Pelagias@yopmail.com,Gretal Pelagias,yopmail.com
134,Shirlee,Anselmi,Shirlee.Anselmi@yopmail.com,Shirlee Anselmi,yopmail.com
186,Roseline,Leary,Roseline.Leary@yopmail.com,Roseline Leary,yopmail.com
566,Renie,Pulsifer,Renie.Pulsifer@yopmail.com,Renie Pulsifer,yopmail.com
216,Michaelina,Goerke,Michaelina.Goerke@yopmail.com,Michaelina Goerke,yopmail.com
332,Winny,Kravits,Winny.Kravits@yopmail.com,Winny Kravits,yopmail.com
716,Melanie,Zola,Melanie.Zola@yopmail.com,Melanie Zola,yopmail.com
816,Zsa Zsa,Nikaniki,Zsa Zsa.Nikaniki@yopmail.com,Zsa Zsa Nikaniki,yopmail.com
353,Raina,Fabiola,Raina.Fabiola@yopmail.com,Raina Fabiola,yopmail.com
155,Joelly,Anyah,Joelly.Anyah@yopmail.com,Joelly Anyah,yopmail.com
522,Ardys,Ortrude,Ardys.Ortrude@yopmail.com,Ardys Ortrude,yopmail.com
492,Gretal,Merell,Gretal.Merell@yopmail.com,Gretal Merell,yopmail.com
609,Jemie,Alva,Jemie.Alva@yopmail.com,Jemie Alva,yopmail.com
482,Annora,Jillane,Annora.Jillane@yopmail.com,Annora Jillane,yopmail.com
431,Dianemarie,Ferrell,Dianemarie.Ferrell@yopmail.com,Dianemarie Ferrell,yopmail.com
739,Ninnetta,Tjon,Ninnetta.Tjon@yopmail.com,Ninnetta Tjon,yopmail.com
768,Mignon,Lattie,Mignon.Lattie@yopmail.com,Mignon Lattie,yopmail.com
207,Carree,Brotherson,Carree.Brotherson@yopmail.com,Carree Brotherson,yopmail.com
205,Roxane,Koehler,Roxane.Koehler@yopmail.com,Roxane Koehler,yopmail.com
736,Augustine,Raama,Augustine.Raama@yopmail.com,Augustine Raama,yopmail.com
281,Marguerite,Silvan,Marguerite.Silvan@yopmail.com,Marguerite Silvan,yopmail.com
600,Devina,Hoenack,Devina.Hoenack@yopmail.com,Devina Hoenack,yopmail.com
161,Loree,Bertold,Loree.Bertold@yopmail.com,Loree Bertold,yopmail.com
756,Ariela,Maurine,Ariela.Maurine@yopmail.com,Ariela Maurine,yopmail.com
658,Jean,Sekofski,Jean.Sekofski@yopmail.com,Jean Sekofski,yopmail.com
421,Queenie,Haldas,Queenie.Haldas@yopmail.com,Queenie Haldas,yopmail.com
134,Joelly,Grimbly,Joelly.Grimbly@yopmail.com,Joelly Grimbly,yopmail.com
881,Maye,Kannry,Maye.Kannry@yopmail.com,Maye Kannry,yopmail.com
435,Taffy,Olympium,Taffy.Olympium@yopmail.com,Taffy Olympium,yopmail.com
490,Codie,Bandeen,Codie.Bandeen@yopmail.com,Codie Bandeen,yopmail.com
613,Zia,Wildermuth,Zia.Wildermuth@yopmail.com,Zia Wildermuth,yopmail.com
430,Demetris,Velick,Demetris.Velick@yopmail.com,Demetris Velick,yopmail.com
615,Rosene,Devlen,Rosene.Devlen@yopmail.com,Rosene Devlen,yopmail.com
919,Roberta,Schalles,Roberta.Schalles@yopmail.com,Roberta Schalles,yopmail.com
214,Janey,Bearnard,Janey.Bearnard@yopmail.com,Janey Bearnard,yopmail.com
264,Elsie,Bivins,Elsie.Bivins@yopmail.com,Elsie Bivins,yopmail.com
624,Dominga,Jalbert,Dominga.Jalbert@yopmail.com,Dominga Jalbert,yopmail.com
308,Noelle,Hailee,Noelle.Hailee@yopmail.com,Noelle Hailee,yopmail.com
370,Fanchon,Bennie,Fanchon.Bennie@yopmail.com,Fanchon Bennie,yopmail.com
734,Carilyn,Rosemary,Carilyn.Rosemary@yopmail.com,Carilyn Rosemary,yopmail.com
170,Bibby,Aaberg,Bibby.Aaberg@yopmail.com,Bibby Aaberg,yopmail.com
856,Gretal,Bonilla,Gretal.Bonilla@yopmail.com,Gretal Bonilla,yopmail.com
886,Bill,Mich,Bill.Mich@yopmail.com,Bill Mich,yopmail.com
771,Ninnetta,Oneida,Ninnetta.Oneida@yopmail.com,Ninnetta Oneida,yopmail.com
906,Rhoda,Glenden,Rhoda.Glenden@yopmail.com,Rhoda Glenden,yopmail.com
138,Sherrie,Alcott,Sherrie.Alcott@yopmail.com,Sherrie Alcott,yopmail.com
718,Bettine,Lareena,Bettine.Lareena@yopmail.com,Bettine Lareena,yopmail.com
187,Arlena,Keily,Arlena.Keily@yopmail.com,Arlena Keily,yopmail.com
466,Myrtice,Oriana,Myrtice.Oriana@yopmail.com,Myrtice Oriana,yopmail.com
737,Joeann,Adrienne,Joeann.Adrienne@yopmail.com,Joeann Adrienne,yopmail.com
893,Dorthy,Roscoe,Dorthy.Roscoe@yopmail.com,Dorthy Roscoe,yopmail.com
379,Tracey,Martguerita,Tracey.Martguerita@yopmail.com,Tracey Martguerita,yopmail.com
778,Katleen,Lewes,Katleen.Lewes@yopmail.com,Katleen Lewes,yopmail.com
453,Ginnie,Doig,Ginnie.Doig@yopmail.com,Ginnie Doig,yopmail.com
791,Minda,Haymes,Minda.Haymes@yopmail.com,Minda Haymes,yopmail.com
526,Consuela,Yusuk,Consuela.Yusuk@yopmail.com,Consuela Yusuk,yopmail.com
597,Mady,Marcellus,Mady.Marcellus@yopmail.com,Mady Marcellus,yopmail.com
185,Carolina,Sparhawk,Carolina.Sparhawk@yopmail.com,Carolina Sparhawk,yopmail.com
426,Lesly,Garbe,Lesly.Garbe@yopmail.com,Lesly Garbe,yopmail.com
993,Brietta,Stanwood,Brietta.Stanwood@yopmail.com,Brietta Stanwood,yopmail.com
686,Lynea,Hourigan,Lynea.Hourigan@yopmail.com,Lynea Hourigan,yopmail.com
826,Hermione,Weide,Hermione.Weide@yopmail.com,Hermione Weide,yopmail.com
922,Verla,Gualtiero,Verla.Gualtiero@yopmail.com,Verla Gualtiero,yopmail.com
187,Yolane,Carri,Yolane.Carri@yopmail.com,Yolane Carri,yopmail.com
961,Ruthe,Garbe,Ruthe.Garbe@yopmail.com,Ruthe Garbe,yopmail.com
878,Janis,Marcellus,Janis.Marcellus@yopmail.com,Janis Marcellus,yopmail.com
579,Cathie,Naashom,Cathie.Naashom@yopmail.com,Cathie Naashom,yopmail.com
960,Lorie,Dielu,Lorie.Dielu@yopmail.com,Lorie Dielu,yopmail.com
299,Helena,Rosemary,Helena.Rosemary@yopmail.com,Helena Rosemary,yopmail.com
835,Elie,Brackely,Elie.Brackely@yopmail.com,Elie Brackely,yopmail.com
330,Gilda,Infield,Gilda.Infield@yopmail.com,Gilda Infield,yopmail.com
893,Amara,Aloise,Amara.Aloise@yopmail.com,Amara Aloise,yopmail.com
131,Jaclyn,Euridice,Jaclyn.Euridice@yopmail.com,Jaclyn Euridice,yopmail.com
865,Belinda,Anis,Belinda.Anis@yopmail.com,Belinda Anis,yopmail.com
623,Frank,Brieta,Frank.Brieta@yopmail.com,Frank Brieta,yopmail.com
952,Bettine,Gusella,Bettine.Gusella@yopmail.com,Bettine Gusella,yopmail.com
162,Lynde,Imelida,Lynde.Imelida@yopmail.com,Lynde Imelida,yopmail.com
383,Konstance,Dichy,Konstance.Dichy@yopmail.com,Konstance Dichy,yopmail.com
146,Evita,Ricki,Evita.Ricki@yopmail.com,Evita Ricki,yopmail.com
260,Brynna,Ahab,Brynna.Ahab@yopmail.com,Brynna Ahab,yopmail.com
198,Sue,Guildroy,Sue.Guildroy@yopmail.com,Sue Guildroy,yopmail.com
227,Brooks,Chem,Brooks.Chem@yopmail.com,Brooks Chem,yopmail.com
176,Dorthy,Maisey,Dorthy.Maisey@yopmail.com,Dorthy Maisey,yopmail.com
507,Winny,Dreda,Winny.Dreda@yopmail.com,Winny Dreda,yopmail.com
364,Blondelle,Iphlgenia,Blondelle.Iphlgenia@yopmail.com,Blondelle Iphlgenia,yopmail.com
606,Aurelie,Jalbert,Aurelie.Jalbert@yopmail.com,Aurelie Jalbert,yopmail.com
628,Darlleen,Berl,Darlleen.Berl@yopmail.com,Darlleen Berl,yopmail.com
870,Carolina,Carbo,Carolina.Carbo@yopmail.com,Carolina Carbo,yopmail.com
322,Valli,Rese,Valli.Rese@yopmail.com,Valli Rese,yopmail.com
900,Kristan,Ortrude,Kristan.Ortrude@yopmail.com,Kristan Ortrude,yopmail.com
373,Asia,Bendick,Asia.Bendick@yopmail.com,Asia Bendick,yopmail.com
920,Ann-Marie,Maurine,Ann-Marie.Maurine@yopmail.com,Ann-Marie Maurine,yopmail.com
794,Margalo,Lucienne,Margalo.Lucienne@yopmail.com,Margalo Lucienne,yopmail.com
403,Ericka,Ortrude,Ericka.Ortrude@yopmail.com,Ericka Ortrude,yopmail.com
694,Paola,Swigart,Paola.Swigart@yopmail.com,Paola Swigart,yopmail.com
410,Ilse,Felecia,Ilse.Felecia@yopmail.com,Ilse Felecia,yopmail.com
393,Fanchon,Eachern,Fanchon.Eachern@yopmail.com,Fanchon Eachern,yopmail.com
317,Zondra,Mike,Zondra.Mike@yopmail.com,Zondra Mike,yopmail.com
122,Janenna,Croix,Janenna.Croix@yopmail.com,Janenna Croix,yopmail.com
334,Carly,Janene,Carly.Janene@yopmail.com,Carly Janene,yopmail.com
130,Ermengarde,Izaak,Ermengarde.Izaak@yopmail.com,Ermengarde Izaak,yopmail.com
1000,Noelle,Grayce,Noelle.Grayce@yopmail.com,Noelle Grayce,yopmail.com
866,Annabela,Gabrielli,Annabela.Gabrielli@yopmail.com,Annabela Gabrielli,yopmail.com
614,Ardeen,Carri,Ardeen.Carri@yopmail.com,Ardeen Carri,yopmail.com
520,Nicoli,Seligman,Nicoli.Seligman@yopmail.com,Nicoli Seligman,yopmail.com
145,Jacquetta,Kirbee,Jacquetta.Kirbee@yopmail.com,Jacquetta Kirbee,yopmail.com
576,Stevana,Henrie,Stevana.Henrie@yopmail.com,Stevana Henrie,yopmail.com
681,Andeee,Devlen,Andeee.Devlen@yopmail.com,Andeee Devlen,yopmail.com
645,Ana,Nedrud,Ana.Nedrud@yopmail.com,Ana Nedrud,yopmail.com
962,Jere,Therine,Jere.Therine@yopmail.com,Jere Therine,yopmail.com
907,Keelia,Alva,Keelia.Alva@yopmail.com,Keelia Alva,yopmail.com
319,Bernardine,Stuart,Bernardine.Stuart@yopmail.com,Bernardine Stuart,yopmail.com
520,Gisela,Hanshaw,Gisela.Hanshaw@yopmail.com,Gisela Hanshaw,yopmail.com
802,Barbi,Lindemann,Barbi.Lindemann@yopmail.com,Barbi Lindemann,yopmail.com
877,Nelle,Prouty,Nelle.Prouty@yopmail.com,Nelle Prouty,yopmail.com
553,Tersina,Linskey,Tersina.Linskey@yopmail.com,Tersina Linskey,yopmail.com
236,Roz,Erich,Roz.Erich@yopmail.com,Roz Erich,yopmail.com
995,Robbi,Berl,Robbi.Berl@yopmail.com,Robbi Berl,yopmail.com
805,Sallie,Dielu,Sallie.Dielu@yopmail.com,Sallie Dielu,yopmail.com
866,Sharlene,Gordon,Sharlene.Gordon@yopmail.com,Sharlene Gordon,yopmail.com
570,Cassondra,Vins,Cassondra.Vins@yopmail.com,Cassondra Vins,yopmail.com
591,Leona,Ralfston,Leona.Ralfston@yopmail.com,Leona Ralfston,yopmail.com
730,Delilah,Edison,Delilah.Edison@yopmail.com,Delilah Edison,yopmail.com
931,Bettine,Lorenz,Bettine.Lorenz@yopmail.com,Bettine Lorenz,yopmail.com
645,Angela,Craggie,Angela.Craggie@yopmail.com,Angela Craggie,yopmail.com
903,Raina,Delp,Raina.Delp@yopmail.com,Raina Delp,yopmail.com
884,Krystle,Ashok,Krystle.Ashok@yopmail.com,Krystle Ashok,yopmail.com
619,Kristina,Ackerley,Kristina.Ackerley@yopmail.com,Kristina Ackerley,yopmail.com
359,Amalie,Stephie,Amalie.Stephie@yopmail.com,Amalie Stephie,yopmail.com
299,Larine,Vivle,Larine.Vivle@yopmail.com,Larine Vivle,yopmail.com
435,Leona,Jerald,Leona.Jerald@yopmail.com,Leona Jerald,yopmail.com
529,Viki,Kristi,Viki.Kristi@yopmail.com,Viki Kristi,yopmail.com
907,Rubie,Buttaro,Rubie.Buttaro@yopmail.com,Rubie Buttaro,yopmail.com
234,Susette,Jalbert,Susette.Jalbert@yopmail.com,Susette Jalbert,yopmail.com
966,Kelly,Kaete,Kelly.Kaete@yopmail.com,Kelly Kaete,yopmail.com
795,Goldie,Dudley,Goldie.Dudley@yopmail.com,Goldie Dudley,yopmail.com
463,Loree,Lutero,Loree.Lutero@yopmail.com,Loree Lutero,yopmail.com
710,Amara,Anderea,Amara.Anderea@yopmail.com,Amara Anderea,yopmail.com
647,Bernardine,August,Bernardine.August@yopmail.com,Bernardine August,yopmail.com
202,Frank,Desai,Frank.Desai@yopmail.com,Frank Desai,yopmail.com
613,Camile,Olin,Camile.Olin@yopmail.com,Camile Olin,yopmail.com
198,Maisey,Flyn,Maisey.Flyn@yopmail.com,Maisey Flyn,yopmail.com
604,Neila,Tremayne,Neila.Tremayne@yopmail.com,Neila Tremayne,yopmail.com
124,Dari,Tufts,Dari.Tufts@yopmail.com,Dari Tufts,yopmail.com
981,Chandra,Brodench,Chandra.Brodench@yopmail.com,Chandra Brodench,yopmail.com
121,Correy,Pozzy,Correy.Pozzy@yopmail.com,Correy Pozzy,yopmail.com
116,Babita,Felecia,Babita.Felecia@yopmail.com,Babita Felecia,yopmail.com
794,Daune,Isacco,Daune.Isacco@yopmail.com,Daune Isacco,yopmail.com
595,Aubrie,Carolin,Aubrie.Carolin@yopmail.com,Aubrie Carolin,yopmail.com
184,Susan,Garlinda,Susan.Garlinda@yopmail.com,Susan Garlinda,yopmail.com
148,Korrie,Jefferey,Korrie.Jefferey@yopmail.com,Korrie Jefferey,yopmail.com
847,Deloria,Cutlerr,Deloria.Cutlerr@yopmail.com,Deloria Cutlerr,yopmail.com
688,Merle,Lucienne,Merle.Lucienne@yopmail.com,Merle Lucienne,yopmail.com
371,Zaria,Durware,Zaria.Durware@yopmail.com,Zaria Durware,yopmail.com
854,Berget,Hirsch,Berget.Hirsch@yopmail.com,Berget Hirsch,yopmail.com
863,Yetty,Sherfield,Yetty.Sherfield@yopmail.com,Yetty Sherfield,yopmail.com
819,Nannie,Gino,Nannie.Gino@yopmail.com,Nannie Gino,yopmail.com
190,Amara,Sawtelle,Amara.Sawtelle@yopmail.com,Amara Sawtelle,yopmail.com
876,Robbi,Bakerman,Robbi.Bakerman@yopmail.com,Robbi Bakerman,yopmail.com
250,Vonny,Lissi,Vonny.Lissi@yopmail.com,Vonny Lissi,yopmail.com
914,Jemie,Baudin,Jemie.Baudin@yopmail.com,Jemie Baudin,yopmail.com
588,Eadie,Wattenberg,Eadie.Wattenberg@yopmail.com,Eadie Wattenberg,yopmail.com
976,Leontine,Dominy,Leontine.Dominy@yopmail.com,Leontine Dominy,yopmail.com
238,Phylis,Calhoun,Phylis.Calhoun@yopmail.com,Phylis Calhoun,yopmail.com
989,Johna,Terencio,Johna.Terencio@yopmail.com,Johna Terencio,yopmail.com
387,Gianina,Merna,Gianina.Merna@yopmail.com,Gianina Merna,yopmail.com
812,Fred,Graig,Fred.Graig@yopmail.com,Fred Graig,yopmail.com
940,Karolina,Roche,Karolina.Roche@yopmail.com,Karolina Roche,yopmail.com
368,Stephanie,Agle,Stephanie.Agle@yopmail.com,Stephanie Agle,yopmail.com
352,Cam,Dorothy,Cam.Dorothy@yopmail.com,Cam Dorothy,yopmail.com
305,Grier,Ummersen,Grier.Ummersen@yopmail.com,Grier Ummersen,yopmail.com
484,Korrie,Glovsky,Korrie.Glovsky@yopmail.com,Korrie Glovsky,yopmail.com
673,Keelia,Kauppi,Keelia.Kauppi@yopmail.com,Keelia Kauppi,yopmail.com
178,Konstance,Vary,Konstance.Vary@yopmail.com,Konstance Vary,yopmail.com
369,Shirlee,Bonucci,Shirlee.Bonucci@yopmail.com,Shirlee Bonucci,yopmail.com
523,Melina,Revkah,Melina.Revkah@yopmail.com,Melina Revkah,yopmail.com
655,Selma,Naashom,Selma.Naashom@yopmail.com,Selma Naashom,yopmail.com
465,Bettine,Huggins,Bettine.Huggins@yopmail.com,Bettine Huggins,yopmail.com
346,Pierette,Bari,Pierette.Bari@yopmail.com,Pierette Bari,yopmail.com
182,Annice,Randene,Annice.Randene@yopmail.com,Annice Randene,yopmail.com
765,Reeba,Moina,Reeba.Moina@yopmail.com,Reeba Moina,yopmail.com
621,Tarra,Bouchard,Tarra.Bouchard@yopmail.com,Tarra Bouchard,yopmail.com
516,Maurene,Adrienne,Maurene.Adrienne@yopmail.com,Maurene Adrienne,yopmail.com
710,Ida,Pettiford,Ida.Pettiford@yopmail.com,Ida Pettiford,yopmail.com
266,Ricky,Israeli,Ricky.Israeli@yopmail.com,Ricky Israeli,yopmail.com
409,Netty,Moseley,Netty.Moseley@yopmail.com,Netty Moseley,yopmail.com
656,Sherrie,Chabot,Sherrie.Chabot@yopmail.com,Sherrie Chabot,yopmail.com
922,Vita,Couture,Vita.Couture@yopmail.com,Vita Couture,yopmail.com
673,Rosene,Evangelia,Rosene.Evangelia@yopmail.com,Rosene Evangelia,yopmail.com
363,Alia,Wesle,Alia.Wesle@yopmail.com,Alia Wesle,yopmail.com
511,Antonietta,Ovid,Antonietta.Ovid@yopmail.com,Antonietta Ovid,yopmail.com
967,Cam,Beebe,Cam.Beebe@yopmail.com,Cam Beebe,yopmail.com
142,Aurore,Garrison,Aurore.Garrison@yopmail.com,Aurore Garrison,yopmail.com
707,Christian,Ephrem,Christian.Ephrem@yopmail.com,Christian Ephrem,yopmail.com
624,Blinni,Allare,Blinni.Allare@yopmail.com,Blinni Allare,yopmail.com
490,Elena,McGrody,Elena.McGrody@yopmail.com,Elena McGrody,yopmail.com
460,Dorthy,Noman,Dorthy.Noman@yopmail.com,Dorthy Noman,yopmail.com
620,Ebonee,Gabrielli,Ebonee.Gabrielli@yopmail.com,Ebonee Gabrielli,yopmail.com
883,Merci,Clara,Merci.Clara@yopmail.com,Merci Clara,yopmail.com
311,Nadine,Rossner,Nadine.Rossner@yopmail.com,Nadine Rossner,yopmail.com
606,Kial,Autrey,Kial.Autrey@yopmail.com,Kial Autrey,yopmail.com
188,Tybie,Sandye,Tybie.Sandye@yopmail.com,Tybie Sandye,yopmail.com
574,Delilah,Montgomery,Delilah.Montgomery@yopmail.com,Delilah Montgomery,yopmail.com
328,Pierette,Atcliffe,Pierette.Atcliffe@yopmail.com,Pierette Atcliffe,yopmail.com
149,Drucie,Nedrud,Drucie.Nedrud@yopmail.com,Drucie Nedrud,yopmail.com
740,Libbie,Juan,Libbie.Juan@yopmail.com,Libbie Juan,yopmail.com
926,Eve,Ochs,Eve.Ochs@yopmail.com,Eve Ochs,yopmail.com
175,Magdalena,Alabaster,Magdalena.Alabaster@yopmail.com,Magdalena Alabaster,yopmail.com
416,Rosene,Anestassia,Rosene.Anestassia@yopmail.com,Rosene Anestassia,yopmail.com
733,Lesly,Arquit,Lesly.Arquit@yopmail.com,Lesly Arquit,yopmail.com
681,Meriel,Albertine,Meriel.Albertine@yopmail.com,Meriel Albertine,yopmail.com
922,Christal,Goth,Christal.Goth@yopmail.com,Christal Goth,yopmail.com
195,Korrie,Pattin,Korrie.Pattin@yopmail.com,Korrie Pattin,yopmail.com
595,Lonnie,Cohdwell,Lonnie.Cohdwell@yopmail.com,Lonnie Cohdwell,yopmail.com
812,Verla,Ursulette,Verla.Ursulette@yopmail.com,Verla Ursulette,yopmail.com
146,Flory,Sawtelle,Flory.Sawtelle@yopmail.com,Flory Sawtelle,yopmail.com
650,Steffane,Morgun,Steffane.Morgun@yopmail.com,Steffane Morgun,yopmail.com
227,Heddie,Ethban,Heddie.Ethban@yopmail.com,Heddie Ethban,yopmail.com
254,Ketti,Monk,Ketti.Monk@yopmail.com,Ketti Monk,yopmail.com
103,Lusa,Alisia,Lusa.Alisia@yopmail.com,Lusa Alisia,yopmail.com
991,Anica,Pierette,Anica.Pierette@yopmail.com,Anica Pierette,yopmail.com
457,Ebonee,Bari,Ebonee.Bari@yopmail.com,Ebonee Bari,yopmail.com
948,Jere,Sabella,Jere.Sabella@yopmail.com,Jere Sabella,yopmail.com
511,Sam,Gibbeon,Sam.Gibbeon@yopmail.com,Sam Gibbeon,yopmail.com
497,Merry,Revkah,Merry.Revkah@yopmail.com,Merry Revkah,yopmail.com
828,Andree,Koziara,Andree.Koziara@yopmail.com,Andree Koziara,yopmail.com
143,Micheline,Eugenia,Micheline.Eugenia@yopmail.com,Micheline Eugenia,yopmail.com
430,Elora,Rosemary,Elora.Rosemary@yopmail.com,Elora Rosemary,yopmail.com
212,Annice,Gino,Annice.Gino@yopmail.com,Annice Gino,yopmail.com
647,Gertrud,Naor,Gertrud.Naor@yopmail.com,Gertrud Naor,yopmail.com
587,Alex,Mallon,Alex.Mallon@yopmail.com,Alex Mallon,yopmail.com
838,Heida,Sisile,Heida.Sisile@yopmail.com,Heida Sisile,yopmail.com
274,Tami,Georgy,Tami.Georgy@yopmail.com,Tami Georgy,yopmail.com
778,Cordi,Madox,Cordi.Madox@yopmail.com,Cordi Madox,yopmail.com
258,Renae,Gaynor,Renae.Gaynor@yopmail.com,Renae Gaynor,yopmail.com
262,Kenna,Kesley,Kenna.Kesley@yopmail.com,Kenna Kesley,yopmail.com
743,Hallie,Cloris,Hallie.Cloris@yopmail.com,Hallie Cloris,yopmail.com
228,Marnia,Love,Marnia.Love@yopmail.com,Marnia Love,yopmail.com
225,Ivett,Gaal,Ivett.Gaal@yopmail.com,Ivett Gaal,yopmail.com
141,Maye,McLaughlin,Maye.McLaughlin@yopmail.com,Maye McLaughlin,yopmail.com
844,Margette,Tamsky,Margette.Tamsky@yopmail.com,Margette Tamsky,yopmail.com
398,Frank,Zeeba,Frank.Zeeba@yopmail.com,Frank Zeeba,yopmail.com
853,Morganica,Haerr,Morganica.Haerr@yopmail.com,Morganica Haerr,yopmail.com
412,Esmeralda,Dannye,Esmeralda.Dannye@yopmail.com,Esmeralda Dannye,yopmail.com
844,Lizzie,Jammal,Lizzie.Jammal@yopmail.com,Lizzie Jammal,yopmail.com
336,Gilda,Thilda,Gilda.Thilda@yopmail.com,Gilda Thilda,yopmail.com
970,Ira,Helve,Ira.Helve@yopmail.com,Ira Helve,yopmail.com
838,Mellicent,Slifka,Mellicent.Slifka@yopmail.com,Mellicent Slifka,yopmail.com
593,Dagmar,Suzetta,Dagmar.Suzetta@yopmail.com,Dagmar Suzetta,yopmail.com
203,Kore,Merriott,Kore.Merriott@yopmail.com,Kore Merriott,yopmail.com
714,Anallese,Clie,Anallese.Clie@yopmail.com,Anallese Clie,yopmail.com
857,Beth,Audly,Beth.Audly@yopmail.com,Beth Audly,yopmail.com
987,Dacia,Saree,Dacia.Saree@yopmail.com,Dacia Saree,yopmail.com
471,Neila,Heisel,Neila.Heisel@yopmail.com,Neila Heisel,yopmail.com
891,Lucy,Leary,Lucy.Leary@yopmail.com,Lucy Leary,yopmail.com
740,Belinda,Gladstone,Belinda.Gladstone@yopmail.com,Belinda Gladstone,yopmail.com
158,Damaris,Greenwald,Damaris.Greenwald@yopmail.com,Damaris Greenwald,yopmail.com
692,Tori,Stacy,Tori.Stacy@yopmail.com,Tori Stacy,yopmail.com
957,Wynne,Zrike,Wynne.Zrike@yopmail.com,Wynne Zrike,yopmail.com
773,Jean,Ogren,Jean.Ogren@yopmail.com,Jean Ogren,yopmail.com
356,Ketti,Infield,Ketti.Infield@yopmail.com,Ketti Infield,yopmail.com
831,Robbi,Reneta,Robbi.Reneta@yopmail.com,Robbi Reneta,yopmail.com
909,Cassondra,Audly,Cassondra.Audly@yopmail.com,Cassondra Audly,yopmail.com
865,Dianemarie,Cath,Dianemarie.Cath@yopmail.com,Dianemarie Cath,yopmail.com
460,Danny,Hachmin,Danny.Hachmin@yopmail.com,Danny Hachmin,yopmail.com
330,Misha,Malina,Misha.Malina@yopmail.com,Misha Malina,yopmail.com
190,Gilda,Weaks,Gilda.Weaks@yopmail.com,Gilda Weaks,yopmail.com
531,Brana,Redmond,Brana.Redmond@yopmail.com,Brana Redmond,yopmail.com
198,Maisey,Goldina,Maisey.Goldina@yopmail.com,Maisey Goldina,yopmail.com
849,Jinny,Naashom,Jinny.Naashom@yopmail.com,Jinny Naashom,yopmail.com
664,Monika,Leary,Monika.Leary@yopmail.com,Monika Leary,yopmail.com
337,Ricky,Darrell,Ricky.Darrell@yopmail.com,Ricky Darrell,yopmail.com
330,Penelopa,Yerkovich,Penelopa.Yerkovich@yopmail.com,Penelopa Yerkovich,yopmail.com
667,Sallie,Lail,Sallie.Lail@yopmail.com,Sallie Lail,yopmail.com
747,Maryellen,Eugenia,Maryellen.Eugenia@yopmail.com,Maryellen Eugenia,yopmail.com
814,Merci,Laurianne,Merci.Laurianne@yopmail.com,Merci Laurianne,yopmail.com
722,Millie,Schwejda,Millie.Schwejda@yopmail.com,Millie Schwejda,yopmail.com
732,Neila,Bertold,Neila.Bertold@yopmail.com,Neila Bertold,yopmail.com
879,Mildrid,Bakerman,Mildrid.Bakerman@yopmail.com,Mildrid Bakerman,yopmail.com
124,Bobinette,Peti,Bobinette.Peti@yopmail.com,Bobinette Peti,yopmail.com
804,Collen,Daniele,Collen.Daniele@yopmail.com,Collen Daniele,yopmail.com
614,Lauryn,Rogerio,Lauryn.Rogerio@yopmail.com,Lauryn Rogerio,yopmail.com
710,Mireielle,Sheedy,Mireielle.Sheedy@yopmail.com,Mireielle Sheedy,yopmail.com
389,Shandie,Koziara,Shandie.Koziara@yopmail.com,Shandie Koziara,yopmail.com
238,Jillayne,Sigfrid,Jillayne.Sigfrid@yopmail.com,Jillayne Sigfrid,yopmail.com
607,Joelly,Othilia,Joelly.Othilia@yopmail.com,Joelly Othilia,yopmail.com
968,Merle,Charity,Merle.Charity@yopmail.com,Merle Charity,yopmail.com
152,Winifred,Kazimir,Winifred.Kazimir@yopmail.com,Winifred Kazimir,yopmail.com
133,Mariele,Emanuel,Mariele.Emanuel@yopmail.com,Mariele Emanuel,yopmail.com
565,Gabriellia,Pyle,Gabriellia.Pyle@yopmail.com,Gabriellia Pyle,yopmail.com
545,Chandra,Alrich,Chandra.Alrich@yopmail.com,Chandra Alrich,yopmail.com
807,Gwenneth,Kylander,Gwenneth.Kylander@yopmail.com,Gwenneth Kylander,yopmail.com
648,Flory,Aloise,Flory.Aloise@yopmail.com,Flory Aloise,yopmail.com
431,Rochette,Laurianne,Rochette.Laurianne@yopmail.com,Rochette Laurianne,yopmail.com
112,Elbertina,Dosia,Elbertina.Dosia@yopmail.com,Elbertina Dosia,yopmail.com
504,Ingrid,Harl,Ingrid.Harl@yopmail.com,Ingrid Harl,yopmail.com
637,Merrie,Lilybelle,Merrie.Lilybelle@yopmail.com,Merrie Lilybelle,yopmail.com
142,Patricia,Septima,Patricia.Septima@yopmail.com,Patricia Septima,yopmail.com
797,Oona,Kaja,Oona.Kaja@yopmail.com,Oona Kaja,yopmail.com
377,Fred,Stover,Fred.Stover@yopmail.com,Fred Stover,yopmail.com
138,Frances,Lamoree,Frances.Lamoree@yopmail.com,Frances Lamoree,yopmail.com
673,Cathyleen,Caitlin,Cathyleen.Caitlin@yopmail.com,Cathyleen Caitlin,yopmail.com
602,Bernie,Brenn,Bernie.Brenn@yopmail.com,Bernie Brenn,yopmail.com
118,Alexine,Isacco,Alexine.Isacco@yopmail.com,Alexine Isacco,yopmail.com
237,Janeczka,Kinnard,Janeczka.Kinnard@yopmail.com,Janeczka Kinnard,yopmail.com
976,Rosene,Oriana,Rosene.Oriana@yopmail.com,Rosene Oriana,yopmail.com
448,Wendi,Gilmour,Wendi.Gilmour@yopmail.com,Wendi Gilmour,yopmail.com
940,Leanna,Elbertina,Leanna.Elbertina@yopmail.com,Leanna Elbertina,yopmail.com
438,Shauna,Ioab,Shauna.Ioab@yopmail.com,Shauna Ioab,yopmail.com
330,Nikki,Hull,Nikki.Hull@yopmail.com,Nikki Hull,yopmail.com
934,Sam,Cookie,Sam.Cookie@yopmail.com,Sam Cookie,yopmail.com
128,Kelly,Celestine,Kelly.Celestine@yopmail.com,Kelly Celestine,yopmail.com
820,Marsiella,Pitt,Marsiella.Pitt@yopmail.com,Marsiella Pitt,yopmail.com
543,Giustina,Fancie,Giustina.Fancie@yopmail.com,Giustina Fancie,yopmail.com
291,Roz,Oster,Roz.Oster@yopmail.com,Roz Oster,yopmail.com
536,Hayley,Lorenz,Hayley.Lorenz@yopmail.com,Hayley Lorenz,yopmail.com
466,Roberta,My,Roberta.My@yopmail.com,Roberta My,yopmail.com
419,Elfreda,Stuart,Elfreda.Stuart@yopmail.com,Elfreda Stuart,yopmail.com
985,Sallie,Yorick,Sallie.Yorick@yopmail.com,Sallie Yorick,yopmail.com
228,Shandie,Dawkins,Shandie.Dawkins@yopmail.com,Shandie Dawkins,yopmail.com
974,Cyb,Ivens,Cyb.Ivens@yopmail.com,Cyb Ivens,yopmail.com
389,Myriam,Philoo,Myriam.Philoo@yopmail.com,Myriam Philoo,yopmail.com
916,Binny,Frodi,Binny.Frodi@yopmail.com,Binny Frodi,yopmail.com
827,Mureil,Oriana,Mureil.Oriana@yopmail.com,Mureil Oriana,yopmail.com
830,Amii,Lail,Amii.Lail@yopmail.com,Amii Lail,yopmail.com
482,Sara-Ann,Wadell,Sara-Ann.Wadell@yopmail.com,Sara-Ann Wadell,yopmail.com
321,Penelopa,Kathie,Penelopa.Kathie@yopmail.com,Penelopa Kathie,yopmail.com
626,Allis,Colleen,Allis.Colleen@yopmail.com,Allis Colleen,yopmail.com
968,Amelia,Durware,Amelia.Durware@yopmail.com,Amelia Durware,yopmail.com
940,Inga,Hourigan,Inga.Hourigan@yopmail.com,Inga Hourigan,yopmail.com
430,Aili,Ventre,Aili.Ventre@yopmail.com,Aili Ventre,yopmail.com
972,Minda,MacIntosh,Minda.MacIntosh@yopmail.com,Minda MacIntosh,yopmail.com
964,Clo,Cherianne,Clo.Cherianne@yopmail.com,Clo Cherianne,yopmail.com
108,Antonietta,Claudine,Antonietta.Claudine@yopmail.com,Antonietta Claudine,yopmail.com
126,Silvana,Zina,Silvana.Zina@yopmail.com,Silvana Zina,yopmail.com
200,Feliza,Curren,Feliza.Curren@yopmail.com,Feliza Curren,yopmail.com
141,Lila,Martguerita,Lila.Martguerita@yopmail.com,Lila Martguerita,yopmail.com
658,Vere,Bury,Vere.Bury@yopmail.com,Vere Bury,yopmail.com
487,Dawn,Teryn,Dawn.Teryn@yopmail.com,Dawn Teryn,yopmail.com
870,Feliza,Moina,Feliza.Moina@yopmail.com,Feliza Moina,yopmail.com
311,Karlee,Creamer,Karlee.Creamer@yopmail.com,Karlee Creamer,yopmail.com
647,Renae,Heidt,Renae.Heidt@yopmail.com,Renae Heidt,yopmail.com
718,Aryn,Dominy,Aryn.Dominy@yopmail.com,Aryn Dominy,yopmail.com
702,Dari,Schroth,Dari.Schroth@yopmail.com,Dari Schroth,yopmail.com
888,Inga,Camden,Inga.Camden@yopmail.com,Inga Camden,yopmail.com
395,Libbie,Burnside,Libbie.Burnside@yopmail.com,Libbie Burnside,yopmail.com
221,Benita,Ashok,Benita.Ashok@yopmail.com,Benita Ashok,yopmail.com
456,Olwen,Uund,Olwen.Uund@yopmail.com,Olwen Uund,yopmail.com
171,Barbi,Emmaline,Barbi.Emmaline@yopmail.com,Barbi Emmaline,yopmail.com
751,Cacilie,Jotham,Cacilie.Jotham@yopmail.com,Cacilie Jotham,yopmail.com
896,Mireielle,Koziara,Mireielle.Koziara@yopmail.com,Mireielle Koziara,yopmail.com
921,Gavrielle,Kellby,Gavrielle.Kellby@yopmail.com,Gavrielle Kellby,yopmail.com
144,Susan,Evangelia,Susan.Evangelia@yopmail.com,Susan Evangelia,yopmail.com
265,Merrie,Kellby,Merrie.Kellby@yopmail.com,Merrie Kellby,yopmail.com
279,Siana,Oneida,Siana.Oneida@yopmail.com,Siana Oneida,yopmail.com
327,Sybille,McClimans,Sybille.McClimans@yopmail.com,Sybille McClimans,yopmail.com
579,Sue,Adrienne,Sue.Adrienne@yopmail.com,Sue Adrienne,yopmail.com
498,Asia,Riordan,Asia.Riordan@yopmail.com,Asia Riordan,yopmail.com
924,Ericka,Melan,Ericka.Melan@yopmail.com,Ericka Melan,yopmail.com
405,Misha,Ferrell,Misha.Ferrell@yopmail.com,Misha Ferrell,yopmail.com
327,Karlee,Georas,Karlee.Georas@yopmail.com,Karlee Georas,yopmail.com
421,Chrystel,Berard,Chrystel.Berard@yopmail.com,Chrystel Berard,yopmail.com
694,Millie,Belldas,Millie.Belldas@yopmail.com,Millie Belldas,yopmail.com
175,Carmela,Vacuva,Carmela.Vacuva@yopmail.com,Carmela Vacuva,yopmail.com
860,Margarette,Dorothy,Margarette.Dorothy@yopmail.com,Margarette Dorothy,yopmail.com
255,Kelly,O'Neill,Kelly.O'Neill@yopmail.com,Kelly O'Neill,yopmail.com
104,Joane,Yam,Joane.Yam@yopmail.com,Joane Yam,yopmail.com
725,Judy,Shanley,Judy.Shanley@yopmail.com,Judy Shanley,yopmail.com
157,Yetty,Shanley,Yetty.Shanley@yopmail.com,Yetty Shanley,yopmail.com
703,Janenna,Uund,Janenna.Uund@yopmail.com,Janenna Uund,yopmail.com
696,Grier,Noam,Grier.Noam@yopmail.com,Grier Noam,yopmail.com
462,Nickie,Kiersten,Nickie.Kiersten@yopmail.com,Nickie Kiersten,yopmail.com
941,Farrah,Linehan,Farrah.Linehan@yopmail.com,Farrah Linehan,yopmail.com
393,Concettina,Libna,Concettina.Libna@yopmail.com,Concettina Libna,yopmail.com
181,Clarice,Willie,Clarice.Willie@yopmail.com,Clarice Willie,yopmail.com
420,Aryn,Evangelia,Aryn.Evangelia@yopmail.com,Aryn Evangelia,yopmail.com
660,Rochette,Sawtelle,Rochette.Sawtelle@yopmail.com,Rochette Sawtelle,yopmail.com
441,Adriana,Gherardo,Adriana.Gherardo@yopmail.com,Adriana Gherardo,yopmail.com
541,Annaliese,Saree,Annaliese.Saree@yopmail.com,Annaliese Saree,yopmail.com
863,Dulcinea,Hebner,Dulcinea.Hebner@yopmail.com,Dulcinea Hebner,yopmail.com
488,Dominga,Ventre,Dominga.Ventre@yopmail.com,Dominga Ventre,yopmail.com
871,Aeriela,Connelly,Aeriela.Connelly@yopmail.com,Aeriela Connelly,yopmail.com
323,Collen,LaRue,Collen.LaRue@yopmail.com,Collen LaRue,yopmail.com
602,Tilly,Nahum,Tilly.Nahum@yopmail.com,Tilly Nahum,yopmail.com
392,Madeleine,Kussell,Madeleine.Kussell@yopmail.com,Madeleine Kussell,yopmail.com
204,Robinia,Earlie,Robinia.Earlie@yopmail.com,Robinia Earlie,yopmail.com
877,Leanna,Madelene,Leanna.Madelene@yopmail.com,Leanna Madelene,yopmail.com
712,Karly,Lattie,Karly.Lattie@yopmail.com,Karly Lattie,yopmail.com
596,Emelina,Kimmie,Emelina.Kimmie@yopmail.com,Emelina Kimmie,yopmail.com
482,Fidelia,Socha,Fidelia.Socha@yopmail.com,Fidelia Socha,yopmail.com
648,Carree,Shama,Carree.Shama@yopmail.com,Carree Shama,yopmail.com
891,Tressa,Jena,Tressa.Jena@yopmail.com,Tressa Jena,yopmail.com
725,Feliza,Zetta,Feliza.Zetta@yopmail.com,Feliza Zetta,yopmail.com
141,Marinna,Bartlett,Marinna.Bartlett@yopmail.com,Marinna Bartlett,yopmail.com
135,Sam,Verger,Sam.Verger@yopmail.com,Sam Verger,yopmail.com
961,Elka,Huggins,Elka.Huggins@yopmail.com,Elka Huggins,yopmail.com
464,Delilah,Liebermann,Delilah.Liebermann@yopmail.com,Delilah Liebermann,yopmail.com
569,Jinny,Stav,Jinny.Stav@yopmail.com,Jinny Stav,yopmail.com
117,Madelle,Milde,Madelle.Milde@yopmail.com,Madelle Milde,yopmail.com
151,Sheree,Desai,Sheree.Desai@yopmail.com,Sheree Desai,yopmail.com
729,Britte,Joli,Britte.Joli@yopmail.com,Britte Joli,yopmail.com
174,Etta,Bergman,Etta.Bergman@yopmail.com,Etta Bergman,yopmail.com
171,Wynne,Silvan,Wynne.Silvan@yopmail.com,Wynne Silvan,yopmail.com
226,Sashenka,Pernick,Sashenka.Pernick@yopmail.com,Sashenka Pernick,yopmail.com
749,Sallie,Hunfredo,Sallie.Hunfredo@yopmail.com,Sallie Hunfredo,yopmail.com
740,Iseabal,Leopold,Iseabal.Leopold@yopmail.com,Iseabal Leopold,yopmail.com
637,Elfreda,Lacombe,Elfreda.Lacombe@yopmail.com,Elfreda Lacombe,yopmail.com
796,Talya,Jacqui,Talya.Jacqui@yopmail.com,Talya Jacqui,yopmail.com
981,Corly,Artie,Corly.Artie@yopmail.com,Corly Artie,yopmail.com
160,Leia,Diann,Leia.Diann@yopmail.com,Leia Diann,yopmail.com
692,Tamqrah,Orelee,Tamqrah.Orelee@yopmail.com,Tamqrah Orelee,yopmail.com
229,Sybille,Esmaria,Sybille.Esmaria@yopmail.com,Sybille Esmaria,yopmail.com
227,Ileana,Mullane,Ileana.Mullane@yopmail.com,Ileana Mullane,yopmail.com
470,Michaelina,Gale,Michaelina.Gale@yopmail.com,Michaelina Gale,yopmail.com
639,Therine,Hortensia,Therine.Hortensia@yopmail.com,Therine Hortensia,yopmail.com
571,Daune,Wildermuth,Daune.Wildermuth@yopmail.com,Daune Wildermuth,yopmail.com
894,Kaja,Bach,Kaja.Bach@yopmail.com,Kaja Bach,yopmail.com
784,Anallese,Knowling,Anallese.Knowling@yopmail.com,Anallese Knowling,yopmail.com
576,Hannis,Wyn,Hannis.Wyn@yopmail.com,Hannis Wyn,yopmail.com
135,Mamie,Loleta,Mamie.Loleta@yopmail.com,Mamie Loleta,yopmail.com
262,Laure,Lumbard,Laure.Lumbard@yopmail.com,Laure Lumbard,yopmail.com
766,Mellicent,Zaslow,Mellicent.Zaslow@yopmail.com,Mellicent Zaslow,yopmail.com
216,Stephanie,Japeth,Stephanie.Japeth@yopmail.com,Stephanie Japeth,yopmail.com
462,Doralynne,Rolf,Doralynne.Rolf@yopmail.com,Doralynne Rolf,yopmail.com
256,Brietta,Socha,Brietta.Socha@yopmail.com,Brietta Socha,yopmail.com
195,Etta,Joeann,Etta.Joeann@yopmail.com,Etta Joeann,yopmail.com
324,Hollie,Calhoun,Hollie.Calhoun@yopmail.com,Hollie Calhoun,yopmail.com
620,Ardenia,Modie,Ardenia.Modie@yopmail.com,Ardenia Modie,yopmail.com
104,Chere,Maisey,Chere.Maisey@yopmail.com,Chere Maisey,yopmail.com
681,Celestyna,Berl,Celestyna.Berl@yopmail.com,Celestyna Berl,yopmail.com
698,Rubie,Marden,Rubie.Marden@yopmail.com,Rubie Marden,yopmail.com
354,Oona,Chesna,Oona.Chesna@yopmail.com,Oona Chesna,yopmail.com
394,Gui,Modie,Gui.Modie@yopmail.com,Gui Modie,yopmail.com
858,Halette,Jillane,Halette.Jillane@yopmail.com,Halette Jillane,yopmail.com
621,Ekaterina,Woodberry,Ekaterina.Woodberry@yopmail.com,Ekaterina Woodberry,yopmail.com
632,Paule,Zola,Paule.Zola@yopmail.com,Paule Zola,yopmail.com
274,Hayley,Stuart,Hayley.Stuart@yopmail.com,Hayley Stuart,yopmail.com
128,Elka,Orpah,Elka.Orpah@yopmail.com,Elka Orpah,yopmail.com
645,Janis,Pierette,Janis.Pierette@yopmail.com,Janis Pierette,yopmail.com
755,Nyssa,Ietta,Nyssa.Ietta@yopmail.com,Nyssa Ietta,yopmail.com
466,Regina,Roumell,Regina.Roumell@yopmail.com,Regina Roumell,yopmail.com
700,Mignon,Waldron,Mignon.Waldron@yopmail.com,Mignon Waldron,yopmail.com
349,Bertine,Aprile,Bertine.Aprile@yopmail.com,Bertine Aprile,yopmail.com
839,Hettie,Ursulette,Hettie.Ursulette@yopmail.com,Hettie Ursulette,yopmail.com
255,Alyssa,Abram,Alyssa.Abram@yopmail.com,Alyssa Abram,yopmail.com
773,Addia,Halla,Addia.Halla@yopmail.com,Addia Halla,yopmail.com
796,Asia,Gherardo,Asia.Gherardo@yopmail.com,Asia Gherardo,yopmail.com
522,Gusella,Ailyn,Gusella.Ailyn@yopmail.com,Gusella Ailyn,yopmail.com
856,Lelah,Toni,Lelah.Toni@yopmail.com,Lelah Toni,yopmail.com
333,Kore,Linskey,Kore.Linskey@yopmail.com,Kore Linskey,yopmail.com
430,Margette,Wesle,Margette.Wesle@yopmail.com,Margette Wesle,yopmail.com
325,Vevay,Holbrook,Vevay.Holbrook@yopmail.com,Vevay Holbrook,yopmail.com
662,Josephine,Jenness,Josephine.Jenness@yopmail.com,Josephine Jenness,yopmail.com
248,Bettine,Duwalt,Bettine.Duwalt@yopmail.com,Bettine Duwalt,yopmail.com
488,Alisha,Elephus,Alisha.Elephus@yopmail.com,Alisha Elephus,yopmail.com
987,Vanessa,Kendrick,Vanessa.Kendrick@yopmail.com,Vanessa Kendrick,yopmail.com
500,Dennie,Ruvolo,Dennie.Ruvolo@yopmail.com,Dennie Ruvolo,yopmail.com
729,Ileana,Zenas,Ileana.Zenas@yopmail.com,Ileana Zenas,yopmail.com
172,Ann-Marie,Gwenore,Ann-Marie.Gwenore@yopmail.com,Ann-Marie Gwenore,yopmail.com
873,Mariann,Holtz,Mariann.Holtz@yopmail.com,Mariann Holtz,yopmail.com
960,Cissiee,Lytton,Cissiee.Lytton@yopmail.com,Cissiee Lytton,yopmail.com
625,Caryl,Han,Caryl.Han@yopmail.com,Caryl Han,yopmail.com
273,Doralynne,Dowski,Doralynne.Dowski@yopmail.com,Doralynne Dowski,yopmail.com
969,Tonia,Shields,Tonia.Shields@yopmail.com,Tonia Shields,yopmail.com
468,Agathe,Eldrid,Agathe.Eldrid@yopmail.com,Agathe Eldrid,yopmail.com
381,Chickie,Hazlett,Chickie.Hazlett@yopmail.com,Chickie Hazlett,yopmail.com
147,Jessy,Shelba,Jessy.Shelba@yopmail.com,Jessy Shelba,yopmail.com
422,Carree,Cynar,Carree.Cynar@yopmail.com,Carree Cynar,yopmail.com
257,Desirae,Primalia,Desirae.Primalia@yopmail.com,Desirae Primalia,yopmail.com
328,Sissy,Auberbach,Sissy.Auberbach@yopmail.com,Sissy Auberbach,yopmail.com
444,Nataline,Dituri,Nataline.Dituri@yopmail.com,Nataline Dituri,yopmail.com
953,Britte,Helfand,Britte.Helfand@yopmail.com,Britte Helfand,yopmail.com
732,Miquela,Reidar,Miquela.Reidar@yopmail.com,Miquela Reidar,yopmail.com
261,Annecorinne,Papageno,Annecorinne.Papageno@yopmail.com,Annecorinne Papageno,yopmail.com
495,Adriana,Delp,Adriana.Delp@yopmail.com,Adriana Delp,yopmail.com
594,Debee,Kenwood,Debee.Kenwood@yopmail.com,Debee Kenwood,yopmail.com
812,Patricia,Ventre,Patricia.Ventre@yopmail.com,Patricia Ventre,yopmail.com
256,Consuela,Annabella,Consuela.Annabella@yopmail.com,Consuela Annabella,yopmail.com
571,Henriette,Janith,Henriette.Janith@yopmail.com,Henriette Janith,yopmail.com
790,Rhoda,Latini,Rhoda.Latini@yopmail.com,Rhoda Latini,yopmail.com
627,Kelly,Stoller,Kelly.Stoller@yopmail.com,Kelly Stoller,yopmail.com
608,Rosene,Lynn,Rosene.Lynn@yopmail.com,Rosene Lynn,yopmail.com
358,Talya,Bettine,Talya.Bettine@yopmail.com,Talya Bettine,yopmail.com
937,Sashenka,Even,Sashenka.Even@yopmail.com,Sashenka Even,yopmail.com
176,Mariann,Stoller,Mariann.Stoller@yopmail.com,Mariann Stoller,yopmail.com
977,Carree,Bach,Carree.Bach@yopmail.com,Carree Bach,yopmail.com
710,Heida,Erich,Heida.Erich@yopmail.com,Heida Erich,yopmail.com
677,Aubrie,Belanger,Aubrie.Belanger@yopmail.com,Aubrie Belanger,yopmail.com
505,Therine,Love,Therine.Love@yopmail.com,Therine Love,yopmail.com
719,Cecile,Lytton,Cecile.Lytton@yopmail.com,Cecile Lytton,yopmail.com
958,Beatriz,Hylan,Beatriz.Hylan@yopmail.com,Beatriz Hylan,yopmail.com
217,Agathe,Shaddock,Agathe.Shaddock@yopmail.com,Agathe Shaddock,yopmail.com
876,Taffy,Rese,Taffy.Rese@yopmail.com,Taffy Rese,yopmail.com
730,Sabina,Tillford,Sabina.Tillford@yopmail.com,Sabina Tillford,yopmail.com
171,Sean,Dituri,Sean.Dituri@yopmail.com,Sean Dituri,yopmail.com
106,Petronia,Tamsky,Petronia.Tamsky@yopmail.com,Petronia Tamsky,yopmail.com
482,Sashenka,Fry,Sashenka.Fry@yopmail.com,Sashenka Fry,yopmail.com
628,Angelique,Justinn,Angelique.Justinn@yopmail.com,Angelique Justinn,yopmail.com
176,Sybille,Brunell,Sybille.Brunell@yopmail.com,Sybille Brunell,yopmail.com
909,Lily,Cherianne,Lily.Cherianne@yopmail.com,Lily Cherianne,yopmail.com
405,Elora,Hermes,Elora.Hermes@yopmail.com,Elora Hermes,yopmail.com
761,Dania,Rolf,Dania.Rolf@yopmail.com,Dania Rolf,yopmail.com
534,Edith,Malina,Edith.Malina@yopmail.com,Edith Malina,yopmail.com
174,Ekaterina,Kenney,Ekaterina.Kenney@yopmail.com,Ekaterina Kenney,yopmail.com
443,Trixi,Carmena,Trixi.Carmena@yopmail.com,Trixi Carmena,yopmail.com
794,Demetris,Ade,Demetris.Ade@yopmail.com,Demetris Ade,yopmail.com
385,Mamie,Prouty,Mamie.Prouty@yopmail.com,Mamie Prouty,yopmail.com
461,Kirbee,Calhoun,Kirbee.Calhoun@yopmail.com,Kirbee Calhoun,yopmail.com
527,Fernande,McNully,Fernande.McNully@yopmail.com,Fernande McNully,yopmail.com
566,Livvyy,Decato,Livvyy.Decato@yopmail.com,Livvyy Decato,yopmail.com
853,Justinn,Krystle,Justinn.Krystle@yopmail.com,Justinn Krystle,yopmail.com
349,Jaclyn,Schlosser,Jaclyn.Schlosser@yopmail.com,Jaclyn Schlosser,yopmail.com
383,Lory,Kosey,Lory.Kosey@yopmail.com,Lory Kosey,yopmail.com
359,Misha,Garek,Misha.Garek@yopmail.com,Misha Garek,yopmail.com
456,Madelle,Westphal,Madelle.Westphal@yopmail.com,Madelle Westphal,yopmail.com
631,Roseline,Newell,Roseline.Newell@yopmail.com,Roseline Newell,yopmail.com
894,Tatiania,Carri,Tatiania.Carri@yopmail.com,Tatiania Carri,yopmail.com
406,Bertine,Clywd,Bertine.Clywd@yopmail.com,Bertine Clywd,yopmail.com
163,Nananne,Rodmann,Nananne.Rodmann@yopmail.com,Nananne Rodmann,yopmail.com
576,Coral,Raama,Coral.Raama@yopmail.com,Coral Raama,yopmail.com
300,Willetta,Quent,Willetta.Quent@yopmail.com,Willetta Quent,yopmail.com
376,Dode,Vilma,Dode.Vilma@yopmail.com,Dode Vilma,yopmail.com
434,Gabriellia,Darbie,Gabriellia.Darbie@yopmail.com,Gabriellia Darbie,yopmail.com
475,Blinni,Fitzsimmons,Blinni.Fitzsimmons@yopmail.com,Blinni Fitzsimmons,yopmail.com
322,Gianina,Ingra,Gianina.Ingra@yopmail.com,Gianina Ingra,yopmail.com
857,Glenda,Damarra,Glenda.Damarra@yopmail.com,Glenda Damarra,yopmail.com
906,Aaren,Rustice,Aaren.Rustice@yopmail.com,Aaren Rustice,yopmail.com
166,Lyssa,Irmine,Lyssa.Irmine@yopmail.com,Lyssa Irmine,yopmail.com
248,Jinny,Klotz,Jinny.Klotz@yopmail.com,Jinny Klotz,yopmail.com
940,Cassondra,Olympium,Cassondra.Olympium@yopmail.com,Cassondra Olympium,yopmail.com
885,Nariko,Wattenberg,Nariko.Wattenberg@yopmail.com,Nariko Wattenberg,yopmail.com
502,Cacilie,Camden,Cacilie.Camden@yopmail.com,Cacilie Camden,yopmail.com
843,Jessamyn,Friede,Jessamyn.Friede@yopmail.com,Jessamyn Friede,yopmail.com
178,Jaclyn,Kenwood,Jaclyn.Kenwood@yopmail.com,Jaclyn Kenwood,yopmail.com
657,Heida,Birdella,Heida.Birdella@yopmail.com,Heida Birdella,yopmail.com
588,Kassey,Liebermann,Kassey.Liebermann@yopmail.com,Kassey Liebermann,yopmail.com
364,Estell,Zuzana,Estell.Zuzana@yopmail.com,Estell Zuzana,yopmail.com
582,Courtnay,Marijo,Courtnay.Marijo@yopmail.com,Courtnay Marijo,yopmail.com
384,Ninnetta,Old,Ninnetta.Old@yopmail.com,Ninnetta Old,yopmail.com
466,Elka,Juan,Elka.Juan@yopmail.com,Elka Juan,yopmail.com
195,Eve,Keily,Eve.Keily@yopmail.com,Eve Keily,yopmail.com
386,Hallie,Wu,Hallie.Wu@yopmail.com,Hallie Wu,yopmail.com
636,Tonia,Knowling,Tonia.Knowling@yopmail.com,Tonia Knowling,yopmail.com
438,Valli,Blisse,Valli.Blisse@yopmail.com,Valli Blisse,yopmail.com
690,Maud,Swigart,Maud.Swigart@yopmail.com,Maud Swigart,yopmail.com
358,Brietta,Pattin,Brietta.Pattin@yopmail.com,Brietta Pattin,yopmail.com
364,Jenilee,Greyson,Jenilee.Greyson@yopmail.com,Jenilee Greyson,yopmail.com
893,Cordi,Dielu,Cordi.Dielu@yopmail.com,Cordi Dielu,yopmail.com
481,Neila,Pyle,Neila.Pyle@yopmail.com,Neila Pyle,yopmail.com
473,Doro,Brodench,Doro.Brodench@yopmail.com,Doro Brodench,yopmail.com
378,Karly,McGrody,Karly.McGrody@yopmail.com,Karly McGrody,yopmail.com
438,Christy,O'Carroll,Christy.O'Carroll@yopmail.com,Christy O'Carroll,yopmail.com
697,Esmeralda,Travax,Esmeralda.Travax@yopmail.com,Esmeralda Travax,yopmail.com
980,Emilia,Rad,Emilia.Rad@yopmail.com,Emilia Rad,yopmail.com
328,Sissy,Yorick,Sissy.Yorick@yopmail.com,Sissy Yorick,yopmail.com
646,Jerry,Burkle,Jerry.Burkle@yopmail.com,Jerry Burkle,yopmail.com
761,Nyssa,Libna,Nyssa.Libna@yopmail.com,Nyssa Libna,yopmail.com
374,Konstance,Ricki,Konstance.Ricki@yopmail.com,Konstance Ricki,yopmail.com
431,Caressa,Herrera,Caressa.Herrera@yopmail.com,Caressa Herrera,yopmail.com
656,Etta,Dalli,Etta.Dalli@yopmail.com,Etta Dalli,yopmail.com
877,Imojean,Hashim,Imojean.Hashim@yopmail.com,Imojean Hashim,yopmail.com
339,Mellicent,Viddah,Mellicent.Viddah@yopmail.com,Mellicent Viddah,yopmail.com
469,Ashlee,Annabella,Ashlee.Annabella@yopmail.com,Ashlee Annabella,yopmail.com
613,Caritta,Jefferey,Caritta.Jefferey@yopmail.com,Caritta Jefferey,yopmail.com
202,Etta,Septima,Etta.Septima@yopmail.com,Etta Septima,yopmail.com
408,Heddie,Edvard,Heddie.Edvard@yopmail.com,Heddie Edvard,yopmail.com
696,Jackie,Jena,Jackie.Jena@yopmail.com,Jackie Jena,yopmail.com
827,Charlena,Breed,Charlena.Breed@yopmail.com,Charlena Breed,yopmail.com
975,Evita,Stacy,Evita.Stacy@yopmail.com,Evita Stacy,yopmail.com
807,Emmey,Maxi,Emmey.Maxi@yopmail.com,Emmey Maxi,yopmail.com
212,Bibby,Tannie,Bibby.Tannie@yopmail.com,Bibby Tannie,yopmail.com
130,Rivalee,Bandeen,Rivalee.Bandeen@yopmail.com,Rivalee Bandeen,yopmail.com
903,Tabbatha,Peti,Tabbatha.Peti@yopmail.com,Tabbatha Peti,yopmail.com
182,Silvana,Judye,Silvana.Judye@yopmail.com,Silvana Judye,yopmail.com
907,Nyssa,Esmaria,Nyssa.Esmaria@yopmail.com,Nyssa Esmaria,yopmail.com
966,Silvana,Sophronia,Silvana.Sophronia@yopmail.com,Silvana Sophronia,yopmail.com
921,Linet,Kirstin,Linet.Kirstin@yopmail.com,Linet Kirstin,yopmail.com
778,Anica,Rurik,Anica.Rurik@yopmail.com,Anica Rurik,yopmail.com
581,Isa,Hylan,Isa.Hylan@yopmail.com,Isa Hylan,yopmail.com
953,Lonnie,Auberbach,Lonnie.Auberbach@yopmail.com,Lonnie Auberbach,yopmail.com
286,Morganica,Buttaro,Morganica.Buttaro@yopmail.com,Morganica Buttaro,yopmail.com
312,Roberta,Keelia,Roberta.Keelia@yopmail.com,Roberta Keelia,yopmail.com
280,Suzette,Anton,Suzette.Anton@yopmail.com,Suzette Anton,yopmail.com
371,Ricky,Amand,Ricky.Amand@yopmail.com,Ricky Amand,yopmail.com
390,Jenda,Montgomery,Jenda.Montgomery@yopmail.com,Jenda Montgomery,yopmail.com
103,Jennica,Ashely,Jennica.Ashely@yopmail.com,Jennica Ashely,yopmail.com
674,Kittie,Fax,Kittie.Fax@yopmail.com,Kittie Fax,yopmail.com
518,Donetta,Kauppi,Donetta.Kauppi@yopmail.com,Donetta Kauppi,yopmail.com
398,Joceline,Ursulette,Joceline.Ursulette@yopmail.com,Joceline Ursulette,yopmail.com
955,Dari,Hermes,Dari.Hermes@yopmail.com,Dari Hermes,yopmail.com
900,Rebeca,Lynn,Rebeca.Lynn@yopmail.com,Rebeca Lynn,yopmail.com
674,Cam,Michella,Cam.Michella@yopmail.com,Cam Michella,yopmail.com
636,Gretal,Tamsky,Gretal.Tamsky@yopmail.com,Gretal Tamsky,yopmail.com
990,Nessie,Agle,Nessie.Agle@yopmail.com,Nessie Agle,yopmail.com
273,Anallese,Auberbach,Anallese.Auberbach@yopmail.com,Anallese Auberbach,yopmail.com
542,Zsa Zsa,Bari,Zsa Zsa.Bari@yopmail.com,Zsa Zsa Bari,yopmail.com
360,Loree,Elvyn,Loree.Elvyn@yopmail.com,Loree Elvyn,yopmail.com
479,Ileana,Merriott,Ileana.Merriott@yopmail.com,Ileana Merriott,yopmail.com
591,Inga,Bibi,Inga.Bibi@yopmail.com,Inga Bibi,yopmail.com
401,Aimil,Andrel,Aimil.Andrel@yopmail.com,Aimil Andrel,yopmail.com
551,Hermione,Rubie,Hermione.Rubie@yopmail.com,Hermione Rubie,yopmail.com
652,Sashenka,Joni,Sashenka.Joni@yopmail.com,Sashenka Joni,yopmail.com
542,Celisse,Shaver,Celisse.Shaver@yopmail.com,Celisse Shaver,yopmail.com
414,Marcy,Sophronia,Marcy.Sophronia@yopmail.com,Marcy Sophronia,yopmail.com
912,Petronia,Seagraves,Petronia.Seagraves@yopmail.com,Petronia Seagraves,yopmail.com
420,Peri,Uund,Peri.Uund@yopmail.com,Peri Uund,yopmail.com
681,Adelle,Kussell,Adelle.Kussell@yopmail.com,Adelle Kussell,yopmail.com
567,Trixi,Oriana,Trixi.Oriana@yopmail.com,Trixi Oriana,yopmail.com
582,Heida,Duwalt,Heida.Duwalt@yopmail.com,Heida Duwalt,yopmail.com
913,Cissiee,Kare,Cissiee.Kare@yopmail.com,Cissiee Kare,yopmail.com
605,Juliane,Pip,Juliane.Pip@yopmail.com,Juliane Pip,yopmail.com
950,Agnese,Manolo,Agnese.Manolo@yopmail.com,Agnese Manolo,yopmail.com
442,Selma,McCutcheon,Selma.McCutcheon@yopmail.com,Selma McCutcheon,yopmail.com
395,Nonnah,Delila,Nonnah.Delila@yopmail.com,Nonnah Delila,yopmail.com
640,Zia,Ovid,Zia.Ovid@yopmail.com,Zia Ovid,yopmail.com
194,Monika,Fulmer,Monika.Fulmer@yopmail.com,Monika Fulmer,yopmail.com
187,Corry,McClimans,Corry.McClimans@yopmail.com,Corry McClimans,yopmail.com
847,Miquela,Timon,Miquela.Timon@yopmail.com,Miquela Timon,yopmail.com
618,Susette,Alarise,Susette.Alarise@yopmail.com,Susette Alarise,yopmail.com
261,Genovera,Chrystel,Genovera.Chrystel@yopmail.com,Genovera Chrystel,yopmail.com
837,Teddie,Cristi,Teddie.Cristi@yopmail.com,Teddie Cristi,yopmail.com
896,Dode,Chinua,Dode.Chinua@yopmail.com,Dode Chinua,yopmail.com
624,Benita,Germann,Benita.Germann@yopmail.com,Benita Germann,yopmail.com
763,Clarice,Niccolo,Clarice.Niccolo@yopmail.com,Clarice Niccolo,yopmail.com
158,Katleen,Parette,Katleen.Parette@yopmail.com,Katleen Parette,yopmail.com
862,Jorry,Ax,Jorry.Ax@yopmail.com,Jorry Ax,yopmail.com
622,Ezmeralda,Stefa,Ezmeralda.Stefa@yopmail.com,Ezmeralda Stefa,yopmail.com
865,Alejandra,Cornelia,Alejandra.Cornelia@yopmail.com,Alejandra Cornelia,yopmail.com
343,Minda,Rugen,Minda.Rugen@yopmail.com,Minda Rugen,yopmail.com
192,Di,Lowry,Di.Lowry@yopmail.com,Di Lowry,yopmail.com
666,Bee,Atonsah,Bee.Atonsah@yopmail.com,Bee Atonsah,yopmail.com
482,Carmela,Fancie,Carmela.Fancie@yopmail.com,Carmela Fancie,yopmail.com
180,Ruthe,Weaks,Ruthe.Weaks@yopmail.com,Ruthe Weaks,yopmail.com
219,Mildrid,Dorine,Mildrid.Dorine@yopmail.com,Mildrid Dorine,yopmail.com
269,Taffy,Ciro,Taffy.Ciro@yopmail.com,Taffy Ciro,yopmail.com
698,Glynnis,Leopold,Glynnis.Leopold@yopmail.com,Glynnis Leopold,yopmail.com
909,Elfreda,Klotz,Elfreda.Klotz@yopmail.com,Elfreda Klotz,yopmail.com
182,Trixi,Gemini,Trixi.Gemini@yopmail.com,Trixi Gemini,yopmail.com
117,Christal,Marcellus,Christal.Marcellus@yopmail.com,Christal Marcellus,yopmail.com
517,Frances,Korey,Frances.Korey@yopmail.com,Frances Korey,yopmail.com
159,Kylynn,Uund,Kylynn.Uund@yopmail.com,Kylynn Uund,yopmail.com
526,Charissa,McAdams,Charissa.McAdams@yopmail.com,Charissa McAdams,yopmail.com
106,Kara-Lynn,Shanley,Kara-Lynn.Shanley@yopmail.com,Kara-Lynn Shanley,yopmail.com
687,Shaine,Durware,Shaine.Durware@yopmail.com,Shaine Durware,yopmail.com
132,Goldie,Kare,Goldie.Kare@yopmail.com,Goldie Kare,yopmail.com
805,Deedee,Corilla,Deedee.Corilla@yopmail.com,Deedee Corilla,yopmail.com
575,Selma,Verger,Selma.Verger@yopmail.com,Selma Verger,yopmail.com
496,Daphne,Lareena,Daphne.Lareena@yopmail.com,Daphne Lareena,yopmail.com
332,Lindie,Kaja,Lindie.Kaja@yopmail.com,Lindie Kaja,yopmail.com
408,Pearline,Chapland,Pearline.Chapland@yopmail.com,Pearline Chapland,yopmail.com
979,Helsa,Gunn,Helsa.Gunn@yopmail.com,Helsa Gunn,yopmail.com
668,Di,McClimans,Di.McClimans@yopmail.com,Di McClimans,yopmail.com
671,Adore,Kamaria,Adore.Kamaria@yopmail.com,Adore Kamaria,yopmail.com
136,Gabriellia,Krystle,Gabriellia.Krystle@yopmail.com,Gabriellia Krystle,yopmail.com
442,Lanae,Judye,Lanae.Judye@yopmail.com,Lanae Judye,yopmail.com
276,Cristine,Aurelio,Cristine.Aurelio@yopmail.com,Cristine Aurelio,yopmail.com
996,Margarette,McCutcheon,Margarette.McCutcheon@yopmail.com,Margarette McCutcheon,yopmail.com
217,Meghann,Azeria,Meghann.Azeria@yopmail.com,Meghann Azeria,yopmail.com
223,Rori,Bashemeth,Rori.Bashemeth@yopmail.com,Rori Bashemeth,yopmail.com
548,Barbi,Percy,Barbi.Percy@yopmail.com,Barbi Percy,yopmail.com
993,Dari,Soneson,Dari.Soneson@yopmail.com,Dari Soneson,yopmail.com
182,Regina,Nikaniki,Regina.Nikaniki@yopmail.com,Regina Nikaniki,yopmail.com
328,Roslyn,Gunn,Roslyn.Gunn@yopmail.com,Roslyn Gunn,yopmail.com
320,Molli,Zaslow,Molli.Zaslow@yopmail.com,Molli Zaslow,yopmail.com
744,Averyl,Hutchison,Averyl.Hutchison@yopmail.com,Averyl Hutchison,yopmail.com
523,Leeanne,Trace,Leeanne.Trace@yopmail.com,Leeanne Trace,yopmail.com
542,Eolanda,Sheng,Eolanda.Sheng@yopmail.com,Eolanda Sheng,yopmail.com
258,Zsa Zsa,Natica,Zsa Zsa.Natica@yopmail.com,Zsa Zsa Natica,yopmail.com
202,Minda,Pattin,Minda.Pattin@yopmail.com,Minda Pattin,yopmail.com
851,Willetta,Belldas,Willetta.Belldas@yopmail.com,Willetta Belldas,yopmail.com
137,Roz,Ardeha,Roz.Ardeha@yopmail.com,Roz Ardeha,yopmail.com
552,Sabina,Rosemary,Sabina.Rosemary@yopmail.com,Sabina Rosemary,yopmail.com
717,Tybie,Latini,Tybie.Latini@yopmail.com,Tybie Latini,yopmail.com
862,Britni,Eliathas,Britni.Eliathas@yopmail.com,Britni Eliathas,yopmail.com
994,Gui,Turne,Gui.Turne@yopmail.com,Gui Turne,yopmail.com
729,Bobinette,Demitria,Bobinette.Demitria@yopmail.com,Bobinette Demitria,yopmail.com
610,Cissiee,Zamora,Cissiee.Zamora@yopmail.com,Cissiee Zamora,yopmail.com
734,Sibella,Nadia,Sibella.Nadia@yopmail.com,Sibella Nadia,yopmail.com
302,Florie,Delp,Florie.Delp@yopmail.com,Florie Delp,yopmail.com
961,Steffane,Bigner,Steffane.Bigner@yopmail.com,Steffane Bigner,yopmail.com
754,Merry,Kermit,Merry.Kermit@yopmail.com,Merry Kermit,yopmail.com
787,Elbertina,Tice,Elbertina.Tice@yopmail.com,Elbertina Tice,yopmail.com
496,Cyb,Docilla,Cyb.Docilla@yopmail.com,Cyb Docilla,yopmail.com
349,Rhea,Viddah,Rhea.Viddah@yopmail.com,Rhea Viddah,yopmail.com
995,Josephine,Morrill,Josephine.Morrill@yopmail.com,Josephine Morrill,yopmail.com
408,Cyb,Burkle,Cyb.Burkle@yopmail.com,Cyb Burkle,yopmail.com
179,Donetta,Docilla,Donetta.Docilla@yopmail.com,Donetta Docilla,yopmail.com
246,Joeann,Ball,Joeann.Ball@yopmail.com,Joeann Ball,yopmail.com
178,Arlina,Tryck,Arlina.Tryck@yopmail.com,Arlina Tryck,yopmail.com
233,Carree,Pozzy,Carree.Pozzy@yopmail.com,Carree Pozzy,yopmail.com
689,Joceline,Catie,Joceline.Catie@yopmail.com,Joceline Catie,yopmail.com
127,Dacia,Silvan,Dacia.Silvan@yopmail.com,Dacia Silvan,yopmail.com
419,Donetta,Bennie,Donetta.Bennie@yopmail.com,Donetta Bennie,yopmail.com
494,Maisey,Pyle,Maisey.Pyle@yopmail.com,Maisey Pyle,yopmail.com
298,Elvira,Maroney,Elvira.Maroney@yopmail.com,Elvira Maroney,yopmail.com
963,Augustine,Francyne,Augustine.Francyne@yopmail.com,Augustine Francyne,yopmail.com
974,Sheelagh,Ezar,Sheelagh.Ezar@yopmail.com,Sheelagh Ezar,yopmail.com
165,Tarra,Fillbert,Tarra.Fillbert@yopmail.com,Tarra Fillbert,yopmail.com
729,Amalie,Mathilde,Amalie.Mathilde@yopmail.com,Amalie Mathilde,yopmail.com
140,Reeba,Autrey,Reeba.Autrey@yopmail.com,Reeba Autrey,yopmail.com
403,Lita,Swanhildas,Lita.Swanhildas@yopmail.com,Lita Swanhildas,yopmail.com
530,Carree,Daegal,Carree.Daegal@yopmail.com,Carree Daegal,yopmail.com
836,Briney,Hertzfeld,Briney.Hertzfeld@yopmail.com,Briney Hertzfeld,yopmail.com
884,Adele,Hanshaw,Adele.Hanshaw@yopmail.com,Adele Hanshaw,yopmail.com
437,Ann-Marie,Breed,Ann-Marie.Breed@yopmail.com,Ann-Marie Breed,yopmail.com
122,Frieda,Douglass,Frieda.Douglass@yopmail.com,Frieda Douglass,yopmail.com
995,Jaclyn,Tarrant,Jaclyn.Tarrant@yopmail.com,Jaclyn Tarrant,yopmail.com
144,Jorry,Aida,Jorry.Aida@yopmail.com,Jorry Aida,yopmail.com
890,Angelique,Auberbach,Angelique.Auberbach@yopmail.com,Angelique Auberbach,yopmail.com
588,Andree,Suk,Andree.Suk@yopmail.com,Andree Suk,yopmail.com
263,Sheelagh,Fancie,Sheelagh.Fancie@yopmail.com,Sheelagh Fancie,yopmail.com
975,Angela,Bearnard,Angela.Bearnard@yopmail.com,Angela Bearnard,yopmail.com
890,Marylou,Seessel,Marylou.Seessel@yopmail.com,Marylou Seessel,yopmail.com
693,Lucy,Merna,Lucy.Merna@yopmail.com,Lucy Merna,yopmail.com
415,Doralynne,Harl,Doralynne.Harl@yopmail.com,Doralynne Harl,yopmail.com
560,Karlee,Meli,Karlee.Meli@yopmail.com,Karlee Meli,yopmail.com
673,Gretal,Jotham,Gretal.Jotham@yopmail.com,Gretal Jotham,yopmail.com
725,Andeee,Anselmi,Andeee.Anselmi@yopmail.com,Andeee Anselmi,yopmail.com
589,Elena,Richers,Elena.Richers@yopmail.com,Elena Richers,yopmail.com
996,Nariko,Adlare,Nariko.Adlare@yopmail.com,Nariko Adlare,yopmail.com
229,Christy,Cordi,Christy.Cordi@yopmail.com,Christy Cordi,yopmail.com
400,Selia,Toni,Selia.Toni@yopmail.com,Selia Toni,yopmail.com
115,Blondelle,Riordan,Blondelle.Riordan@yopmail.com,Blondelle Riordan,yopmail.com
498,Danika,Quinn,Danika.Quinn@yopmail.com,Danika Quinn,yopmail.com
882,Althea,Hunfredo,Althea.Hunfredo@yopmail.com,Althea Hunfredo,yopmail.com
751,Margalo,Vorster,Margalo.Vorster@yopmail.com,Margalo Vorster,yopmail.com
983,Amara,Beebe,Amara.Beebe@yopmail.com,Amara Beebe,yopmail.com
509,Frances,Lipson,Frances.Lipson@yopmail.com,Frances Lipson,yopmail.com
242,Frieda,Bonilla,Frieda.Bonilla@yopmail.com,Frieda Bonilla,yopmail.com
805,Mallory,Pulsifer,Mallory.Pulsifer@yopmail.com,Mallory Pulsifer,yopmail.com
379,Candi,Bohlin,Candi.Bohlin@yopmail.com,Candi Bohlin,yopmail.com
992,Roxane,Margarete,Roxane.Margarete@yopmail.com,Roxane Margarete,yopmail.com
725,Allyce,Cleo,Allyce.Cleo@yopmail.com,Allyce Cleo,yopmail.com
886,Lindie,Daniele,Lindie.Daniele@yopmail.com,Lindie Daniele,yopmail.com
675,Devina,Ioab,Devina.Ioab@yopmail.com,Devina Ioab,yopmail.com
901,Belva,Levey,Belva.Levey@yopmail.com,Belva Levey,yopmail.com
445,Collen,Ophelia,Collen.Ophelia@yopmail.com,Collen Ophelia,yopmail.com
566,Donnie,Faria,Donnie.Faria@yopmail.com,Donnie Faria,yopmail.com
824,Elise,Ulphia,Elise.Ulphia@yopmail.com,Elise Ulphia,yopmail.com
386,Vonny,Hathaway,Vonny.Hathaway@yopmail.com,Vonny Hathaway,yopmail.com
637,Lenna,Barrus,Lenna.Barrus@yopmail.com,Lenna Barrus,yopmail.com
504,Ekaterina,Sallyann,Ekaterina.Sallyann@yopmail.com,Ekaterina Sallyann,yopmail.com
807,Carlie,Bettine,Carlie.Bettine@yopmail.com,Carlie Bettine,yopmail.com
422,Annecorinne,Jefferey,Annecorinne.Jefferey@yopmail.com,Annecorinne Jefferey,yopmail.com
376,Nonnah,Mullane,Nonnah.Mullane@yopmail.com,Nonnah Mullane,yopmail.com
724,Elora,Tatianas,Elora.Tatianas@yopmail.com,Elora Tatianas,yopmail.com
303,Jinny,Fiester,Jinny.Fiester@yopmail.com,Jinny Fiester,yopmail.com
924,Edyth,Argus,Edyth.Argus@yopmail.com,Edyth Argus,yopmail.com
586,Gerianna,Sibyls,Gerianna.Sibyls@yopmail.com,Gerianna Sibyls,yopmail.com
955,Dione,Rustice,Dione.Rustice@yopmail.com,Dione Rustice,yopmail.com
322,Sophia,Bertold,Sophia.Bertold@yopmail.com,Sophia Bertold,yopmail.com
183,Coral,Evvie,Coral.Evvie@yopmail.com,Coral Evvie,yopmail.com
122,Romona,Vorster,Romona.Vorster@yopmail.com,Romona Vorster,yopmail.com
673,Andree,Estella,Andree.Estella@yopmail.com,Andree Estella,yopmail.com
802,Nanete,Alabaster,Nanete.Alabaster@yopmail.com,Nanete Alabaster,yopmail.com
522,Brynna,Guildroy,Brynna.Guildroy@yopmail.com,Brynna Guildroy,yopmail.com
346,Libbie,Wyn,Libbie.Wyn@yopmail.com,Libbie Wyn,yopmail.com
664,Laurene,Helfand,Laurene.Helfand@yopmail.com,Laurene Helfand,yopmail.com
101,Ira,Eachern,Ira.Eachern@yopmail.com,Ira Eachern,yopmail.com
568,Fernande,Pandolfi,Fernande.Pandolfi@yopmail.com,Fernande Pandolfi,yopmail.com
134,Sue,Tice,Sue.Tice@yopmail.com,Sue Tice,yopmail.com
249,Nicoli,Doig,Nicoli.Doig@yopmail.com,Nicoli Doig,yopmail.com
283,Chloris,Hazlett,Chloris.Hazlett@yopmail.com,Chloris Hazlett,yopmail.com
457,Silvana,Zachary,Silvana.Zachary@yopmail.com,Silvana Zachary,yopmail.com
667,Mireielle,Koziara,Mireielle.Koziara@yopmail.com,Mireielle Koziara,yopmail.com
666,Myrtice,Chandler,Myrtice.Chandler@yopmail.com,Myrtice Chandler,yopmail.com
438,Blake,Belldas,Blake.Belldas@yopmail.com,Blake Belldas,yopmail.com
663,Ninnetta,Deegan,Ninnetta.Deegan@yopmail.com,Ninnetta Deegan,yopmail.com
371,Wendi,Richers,Wendi.Richers@yopmail.com,Wendi Richers,yopmail.com
546,Aimil,Suzetta,Aimil.Suzetta@yopmail.com,Aimil Suzetta,yopmail.com
380,Blinni,Zamora,Blinni.Zamora@yopmail.com,Blinni Zamora,yopmail.com
663,Corly,Goode,Corly.Goode@yopmail.com,Corly Goode,yopmail.com
920,Susan,Adore,Susan.Adore@yopmail.com,Susan Adore,yopmail.com
456,Allis,Urias,Allis.Urias@yopmail.com,Allis Urias,yopmail.com
923,Stevana,Henebry,Stevana.Henebry@yopmail.com,Stevana Henebry,yopmail.com
567,Alie,Podvin,Alie.Podvin@yopmail.com,Alie Podvin,yopmail.com
209,Abbie,Thunell,Abbie.Thunell@yopmail.com,Abbie Thunell,yopmail.com
714,Marylou,Mozelle,Marylou.Mozelle@yopmail.com,Marylou Mozelle,yopmail.com
334,Althea,Santoro,Althea.Santoro@yopmail.com,Althea Santoro,yopmail.com
914,Alexine,Ophelia,Alexine.Ophelia@yopmail.com,Alexine Ophelia,yopmail.com
566,Merci,Torray,Merci.Torray@yopmail.com,Merci Torray,yopmail.com
833,Odessa,Rillings,Odessa.Rillings@yopmail.com,Odessa Rillings,yopmail.com
484,Nataline,Rosette,Nataline.Rosette@yopmail.com,Nataline Rosette,yopmail.com
289,Blinni,Kermit,Blinni.Kermit@yopmail.com,Blinni Kermit,yopmail.com
594,Willetta,Sparhawk,Willetta.Sparhawk@yopmail.com,Willetta Sparhawk,yopmail.com
849,Stacey,Jaylene,Stacey.Jaylene@yopmail.com,Stacey Jaylene,yopmail.com
581,Jordan,Loring,Jordan.Loring@yopmail.com,Jordan Loring,yopmail.com
732,Fredericka,Gabrielli,Fredericka.Gabrielli@yopmail.com,Fredericka Gabrielli,yopmail.com
202,Estell,Crudden,Estell.Crudden@yopmail.com,Estell Crudden,yopmail.com
330,Dacia,LaRue,Dacia.LaRue@yopmail.com,Dacia LaRue,yopmail.com
167,Viki,Skell,Viki.Skell@yopmail.com,Viki Skell,yopmail.com
817,Trixi,Skurnik,Trixi.Skurnik@yopmail.com,Trixi Skurnik,yopmail.com
680,Jere,Roxanna,Jere.Roxanna@yopmail.com,Jere Roxanna,yopmail.com
733,Glenda,LaRue,Glenda.LaRue@yopmail.com,Glenda LaRue,yopmail.com
434,Kirstin,Etom,Kirstin.Etom@yopmail.com,Kirstin Etom,yopmail.com
928,Tani,Greenwald,Tani.Greenwald@yopmail.com,Tani Greenwald,yopmail.com
954,Shell,Ortrude,Shell.Ortrude@yopmail.com,Shell Ortrude,yopmail.com
606,Ardenia,Ventre,Ardenia.Ventre@yopmail.com,Ardenia Ventre,yopmail.com
908,Reeba,Fulmer,Reeba.Fulmer@yopmail.com,Reeba Fulmer,yopmail.com
854,Mariann,Hedve,Mariann.Hedve@yopmail.com,Mariann Hedve,yopmail.com
484,Letizia,Margret,Letizia.Margret@yopmail.com,Letizia Margret,yopmail.com
307,Starla,Bari,Starla.Bari@yopmail.com,Starla Bari,yopmail.com
697,Maridel,Clywd,Maridel.Clywd@yopmail.com,Maridel Clywd,yopmail.com
596,Aili,Marcellus,Aili.Marcellus@yopmail.com,Aili Marcellus,yopmail.com
305,Chloris,Ferrell,Chloris.Ferrell@yopmail.com,Chloris Ferrell,yopmail.com
306,Doralynne,Chem,Doralynne.Chem@yopmail.com,Doralynne Chem,yopmail.com
305,Coral,Armanda,Coral.Armanda@yopmail.com,Coral Armanda,yopmail.com
308,Joeann,Jerald,Joeann.Jerald@yopmail.com,Joeann Jerald,yopmail.com
291,Vere,Brunell,Vere.Brunell@yopmail.com,Vere Brunell,yopmail.com
674,Alexine,Moina,Alexine.Moina@yopmail.com,Alexine Moina,yopmail.com
185,Lynnea,Sikorski,Lynnea.Sikorski@yopmail.com,Lynnea Sikorski,yopmail.com
315,Rayna,Thar,Rayna.Thar@yopmail.com,Rayna Thar,yopmail.com
917,Harrietta,Maisey,Harrietta.Maisey@yopmail.com,Harrietta Maisey,yopmail.com
375,Mady,Yuille,Mady.Yuille@yopmail.com,Mady Yuille,yopmail.com
939,Sue,Medrek,Sue.Medrek@yopmail.com,Sue Medrek,yopmail.com
151,Orsola,Martguerita,Orsola.Martguerita@yopmail.com,Orsola Martguerita,yopmail.com
628,Aimil,Ovid,Aimil.Ovid@yopmail.com,Aimil Ovid,yopmail.com
771,Hannis,Terencio,Hannis.Terencio@yopmail.com,Hannis Terencio,yopmail.com
473,Ayn,Garek,Ayn.Garek@yopmail.com,Ayn Garek,yopmail.com
368,Robinia,Cecile,Robinia.Cecile@yopmail.com,Robinia Cecile,yopmail.com
411,Gaylene,Robertson,Gaylene.Robertson@yopmail.com,Gaylene Robertson,yopmail.com
388,Devina,Lilas,Devina.Lilas@yopmail.com,Devina Lilas,yopmail.com
969,Bertine,Bultman,Bertine.Bultman@yopmail.com,Bertine Bultman,yopmail.com
474,Penelopa,Borrell,Penelopa.Borrell@yopmail.com,Penelopa Borrell,yopmail.com
388,Alia,Elephus,Alia.Elephus@yopmail.com,Alia Elephus,yopmail.com
634,Linzy,Tamar,Linzy.Tamar@yopmail.com,Linzy Tamar,yopmail.com
449,Myrtice,Bebe,Myrtice.Bebe@yopmail.com,Myrtice Bebe,yopmail.com
879,Kylynn,Thomasina,Kylynn.Thomasina@yopmail.com,Kylynn Thomasina,yopmail.com
392,Jacenta,Tarrant,Jacenta.Tarrant@yopmail.com,Jacenta Tarrant,yopmail.com
560,Annice,Cyrie,Annice.Cyrie@yopmail.com,Annice Cyrie,yopmail.com
371,Grier,Gaulin,Grier.Gaulin@yopmail.com,Grier Gaulin,yopmail.com
731,Blinni,Margret,Blinni.Margret@yopmail.com,Blinni Margret,yopmail.com
289,Angela,Kristi,Angela.Kristi@yopmail.com,Angela Kristi,yopmail.com
431,Mariele,Judye,Mariele.Judye@yopmail.com,Mariele Judye,yopmail.com
782,Nadine,Llovera,Nadine.Llovera@yopmail.com,Nadine Llovera,yopmail.com
463,Gusella,Eno,Gusella.Eno@yopmail.com,Gusella Eno,yopmail.com
495,Elsie,Lucienne,Elsie.Lucienne@yopmail.com,Elsie Lucienne,yopmail.com
737,Tersina,Louanna,Tersina.Louanna@yopmail.com,Tersina Louanna,yopmail.com
