DoctorID,DoctorName,Specialization,DoctorContact
100,Thalia,EMERGENCY MEDICINE,.@yopmail.com
101,Mireielle,ALLERGISTS,.@yopmail.com
103,Elie,ENDOCRINOLOGIST,.@yopmail.com
104,Cacilie,EMERGENCY MEDICINE,.@yopmail.com
105,Lynea,EMERGENCY MEDICINE,.@yopmail.com
106,Constance,GERIATRICIAN,.@yopmail.com
108,Addia,SURGERY,.@yopmail.com
110,Maud,CARDIOLOGY,.@yopmail.com
112,Josephine,PEDIATRICS,.@yopmail.com
113,Shaylyn,RADIOLOGY,.@yopmail.com
115,Ronna,ENDOCRINOLOGIST,.@yopmail.com
116,Shell,INFECTIOUS DISEASE,.@yopmail.com
117,Karena,OTOLARYNGOLOGISTS,.@yopmail.com
118,Vanessa,OTOLARYNGOLOGISTS,.@yopmail.com
119,Flory,NEPHROLOGY,.@yopmail.com
120,Lilith,DERMATOLOGY,.@yopmail.com
124,Steffane,NEPHROLOGY,.@yopmail.com
126,Marleah,GASTROENTEROLOGY,.@yopmail.com
127,Pollyanna,PULMONOLOGISTS,.@yopmail.com
129,Aurelie,GASTROENTEROLOGY,.@yopmail.com
131,Ana,ALLERGISTS,.@yopmail.com
133,Adelle,INTERNISTS,.@yopmail.com
135,Gilligan,SURGERY,.@yopmail.com
136,Veda,OPHTHALMOLOGY,.@yopmail.com
138,Rosaline,PULMONOLOGISTS,.@yopmail.com
139,Aurelie,SURGERY,.@yopmail.com
140,Mureil,SURGERY,.@yopmail.com
141,Dennie,INTERNISTS,.@yopmail.com
142,Felice,INFECTIOUS DISEASE,.@yopmail.com
143,Rebeca,CRITICAL CARE MEDICINE,.@yopmail.com
145,Kerrin,GERIATRICIAN,.@yopmail.com
147,Shaylyn,OPHTHALMOLOGY,.@yopmail.com
149,Krystle,OBSTETRIC ANESTHESIOLOGISTS,.@yopmail.com
151,Karly,INTERNISTS,.@yopmail.com
153,Chastity,RADIOLOGY,.@yopmail.com
154,Leanna,PULMONOLOGISTS,.@yopmail.com
155,Alleen,PULMONOLOGISTS,.@yopmail.com
156,Claudina,INFECTIOUS DISEASE,.@yopmail.com
157,Mellicent,INFECTIOUS DISEASE,.@yopmail.com
158,Chere,NEPHROLOGY,.@yopmail.com
159,Georgetta,INFECTIOUS DISEASE,.@yopmail.com
161,Jolyn,GASTROENTEROLOGY,.@yopmail.com
162,Beth,GERIATRICIAN,.@yopmail.com
163,Candi,CRITICAL CARE MEDICINE,.@yopmail.com
164,Alyssa,EMERGENCY MEDICINE,.@yopmail.com
165,Monika,PSYCHIATRY,.@yopmail.com
168,Mellicent,OTOLARYNGOLOGISTS,.@yopmail.com
169,Maud,GASTROENTEROLOGY,.@yopmail.com
170,Quintina,ONCOLOGIST,.@yopmail.com
171,Meriel,RADIOLOGY,.@yopmail.com
173,Charissa,ONCOLOGIST,.@yopmail.com
178,Shaylyn,EMERGENCY MEDICINE,.@yopmail.com
179,Petronia,ANESTHESIOLOGY,.@yopmail.com
181,Britte,PULMONOLOGISTS,.@yopmail.com
182,Belva,OTOLARYNGOLOGISTS,.@yopmail.com
183,Shauna,PSYCHIATRY,.@yopmail.com
184,Clementine,CARDIOLOGY,.@yopmail.com
186,Sidoney,RADIOLOGY,.@yopmail.com
188,Shaine,ANESTHESIOLOGY,.@yopmail.com
189,Max,FAMILY MEDICINE,.@yopmail.com
191,Britte,NEUROLOGY,.@yopmail.com
194,Phedra,SURGERY,.@yopmail.com
197,Ofilia,PULMONOLOGISTS,.@yopmail.com
198,Tilly,CARDIOLOGY,.@yopmail.com
201,Fred,SURGERY,.@yopmail.com
202,Di,PULMONOLOGISTS,.@yopmail.com
203,Kore,INFECTIOUS DISEASE,.@yopmail.com
204,Dyann,CARDIOLOGY,.@yopmail.com
207,Rayna,OTOLARYNGOLOGISTS,.@yopmail.com
209,Nicoli,ONCOLOGIST,.@yopmail.com
210,Dorene,NEPHROLOGY,.@yopmail.com
213,Sidoney,HOSPICE AND PALLIATIVE CARE,.@yopmail.com
214,Gretal,NEUROLOGY,.@yopmail.com
217,Celestyna,CARDIOLOGY,.@yopmail.com
218,Carree,GERIATRICIAN,.@yopmail.com
219,Estell,EMERGENCY MEDICINE,.@yopmail.com
220,Carly,EMERGENCY MEDICINE,.@yopmail.com
221,Daryl,SURGERY,.@yopmail.com
222,Zia,FAMILY MEDICINE,.@yopmail.com
223,Konstance,GASTROENTEROLOGY,.@yopmail.com
224,Dorene,EMERGENCY MEDICINE,.@yopmail.com
226,Minda,OBSTETRIC ANESTHESIOLOGISTS,.@yopmail.com
227,Millie,NEUROLOGY,.@yopmail.com
228,Dagmar,INTERNISTS,.@yopmail.com
229,Krystle,NEPHROLOGY,.@yopmail.com
231,Ida,FAMILY MEDICINE,.@yopmail.com
232,Tani,GERIATRICIAN,.@yopmail.com
235,Mariann,RADIOLOGY,.@yopmail.com
236,Morganica,RADIOLOGY,.@yopmail.com
237,Suzette,CARDIOLOGY,.@yopmail.com
238,Patricia,FAMILY MEDICINE,.@yopmail.com
239,Frieda,INTERNISTS,.@yopmail.com
241,Merci,ALLERGISTS,.@yopmail.com
242,Blondelle,GASTROENTEROLOGY,.@yopmail.com
243,Edith,SURGERY,.@yopmail.com
245,Mahalia,SURGERY,.@yopmail.com
247,Nyssa,INTERNISTS,.@yopmail.com
249,Nataline,FAMILY MEDICINE,.@yopmail.com
250,Morganica,PEDIATRICS,.@yopmail.com
252,Quintina,ANESTHESIOLOGY,.@yopmail.com
254,Moyna,CARDIOLOGY,.@yopmail.com
255,Harmonia,NEPHROLOGY,.@yopmail.com
256,Inga,HOSPICE AND PALLIATIVE CARE,.@yopmail.com
258,Joeann,CARDIOLOGY,.@yopmail.com
260,Dorthy,GASTROENTEROLOGY,.@yopmail.com
261,Kylynn,GASTROENTEROLOGY,.@yopmail.com
262,Maye,PULMONOLOGISTS,.@yopmail.com
265,Joelly,OPHTHALMOLOGY,.@yopmail.com
266,Tera,PULMONOLOGISTS,.@yopmail.com
267,Demetris,EMERGENCY MEDICINE,.@yopmail.com
268,Demetris,EMERGENCY MEDICINE,.@yopmail.com
269,Cathyleen,FAMILY MEDICINE,.@yopmail.com
270,Brooks,ALLERGISTS,.@yopmail.com
272,Nikki,ONCOLOGIST,.@yopmail.com
274,Fawne,OPHTHALMOLOGY,.@yopmail.com
275,Danny,ALLERGISTS,.@yopmail.com
276,Nelle,ENDOCRINOLOGIST,.@yopmail.com
277,Chere,INTERNISTS,.@yopmail.com
281,Zondra,RADIOLOGY,.@yopmail.com
282,Cherilyn,ONCOLOGIST,.@yopmail.com
284,Ketti,ONCOLOGIST,.@yopmail.com
285,Gabriellia,INTERNISTS,.@yopmail.com
286,Arlina,RADIOLOGY,.@yopmail.com
287,Ida,INFECTIOUS DISEASE,.@yopmail.com
288,Frank,ENDOCRINOLOGIST,.@yopmail.com
290,Bernie,ANESTHESIOLOGY,.@yopmail.com
291,Gusella,PULMONOLOGISTS,.@yopmail.com
294,Almeta,ALLERGISTS,.@yopmail.com
296,Brandise,CARDIOLOGY,.@yopmail.com
300,Roxane,ENDOCRINOLOGIST,.@yopmail.com
303,Sherrie,INFECTIOUS DISEASE,.@yopmail.com
305,Christy,NEPHROLOGY,.@yopmail.com
306,Georgina,GERIATRICIAN,.@yopmail.com
308,Glynnis,NEUROLOGY,.@yopmail.com
309,Sybille,PEDIATRICS,.@yopmail.com
312,Kimmy,GASTROENTEROLOGY,.@yopmail.com
314,Ernesta,NEPHROLOGY,.@yopmail.com
317,Corina,PULMONOLOGISTS,.@yopmail.com
319,Betta,ANESTHESIOLOGY,.@yopmail.com
321,Gloria,ENDOCRINOLOGIST,.@yopmail.com
322,Deloria,OTOLARYNGOLOGISTS,.@yopmail.com
324,Christal,ONCOLOGIST,.@yopmail.com
327,Heddie,PSYCHIATRY,.@yopmail.com
328,Atlanta,INFECTIOUS DISEASE,.@yopmail.com
329,Natka,NEUROLOGY,.@yopmail.com
332,Jinny,NEUROLOGY,.@yopmail.com
334,Orelia,GASTROENTEROLOGY,.@yopmail.com
335,Romona,SURGERY,.@yopmail.com
338,Taffy,NEUROLOGY,.@yopmail.com
339,Brandise,INTERNISTS,.@yopmail.com
340,Sheelagh,INFECTIOUS DISEASE,.@yopmail.com
341,Camile,ONCOLOGIST,.@yopmail.com
342,Olivette,EMERGENCY MEDICINE,.@yopmail.com
344,Aurore,GASTROENTEROLOGY,.@yopmail.com
345,Phedra,DERMATOLOGY,.@yopmail.com
346,Coral,ANESTHESIOLOGY,.@yopmail.com
347,Jacquetta,PSYCHIATRY,.@yopmail.com
348,Modestia,ANESTHESIOLOGY,.@yopmail.com
349,Edee,GERIATRICIAN,.@yopmail.com
350,Estell,OTOLARYNGOLOGISTS,.@yopmail.com
352,Ellette,INTERNISTS,.@yopmail.com
353,Flory,ALLERGISTS,.@yopmail.com
354,Tersina,NEUROLOGY,.@yopmail.com
355,Romona,PEDIATRICS,.@yopmail.com
358,Gerrie,OTOLARYNGOLOGISTS,.@yopmail.com
359,Hollie,ANESTHESIOLOGY,.@yopmail.com
361,Sashenka,PEDIATRICS,.@yopmail.com
362,Charissa,INTERNISTS,.@yopmail.com
363,Joleen,GASTROENTEROLOGY,.@yopmail.com
364,Aurelie,NEPHROLOGY,.@yopmail.com
365,Ricky,INFECTIOUS DISEASE,.@yopmail.com
368,Rhea,ENDOCRINOLOGIST,.@yopmail.com
369,Nannie,ONCOLOGIST,.@yopmail.com
370,Liana,GASTROENTEROLOGY,.@yopmail.com
371,Maridel,ALLERGISTS,.@yopmail.com
372,Myrtice,GERIATRICIAN,.@yopmail.com
373,Delilah,OPHTHALMOLOGY,.@yopmail.com
374,Giustina,NEPHROLOGY,.@yopmail.com
375,Talya,SURGERY,.@yopmail.com
377,Marsiella,CRITICAL CARE MEDICINE,.@yopmail.com
378,Concettina,HOSPICE AND PALLIATIVE CARE,.@yopmail.com
379,Roz,HOSPICE AND PALLIATIVE CARE,.@yopmail.com
382,Annice,PSYCHIATRY,.@yopmail.com
383,Catrina,PULMONOLOGISTS,.@yopmail.com
386,Selia,DERMATOLOGY,.@yopmail.com
387,Nadine,NEPHROLOGY,.@yopmail.com
388,Danika,OPHTHALMOLOGY,.@yopmail.com
389,Max,INFECTIOUS DISEASE,.@yopmail.com
391,Annabela,ONCOLOGIST,.@yopmail.com
397,Merry,INTERNISTS,.@yopmail.com
398,Misha,PEDIATRICS,.@yopmail.com
399,Madeleine,ANESTHESIOLOGY,.@yopmail.com
400,Moyna,CRITICAL CARE MEDICINE,.@yopmail.com
401,Joelly,GASTROENTEROLOGY,.@yopmail.com
403,Mallory,HOSPICE AND PALLIATIVE CARE,.@yopmail.com
405,Correy,INTERNISTS,.@yopmail.com
407,Bill,HOSPICE AND PALLIATIVE CARE,.@yopmail.com
408,Pamella,NEPHROLOGY,.@yopmail.com
411,Shel,PSYCHIATRY,.@yopmail.com
414,Joeann,OTOLARYNGOLOGISTS,.@yopmail.com
415,Lacie,INFECTIOUS DISEASE,.@yopmail.com
416,Jere,NEUROLOGY,.@yopmail.com
417,Molli,ALLERGISTS,.@yopmail.com
418,Danny,OPHTHALMOLOGY,.@yopmail.com
419,Livvyy,INFECTIOUS DISEASE,.@yopmail.com
420,Anestassia,FAMILY MEDICINE,.@yopmail.com
421,Chickie,EMERGENCY MEDICINE,.@yopmail.com
423,Carree,ALLERGISTS,.@yopmail.com
425,Amara,PSYCHIATRY,.@yopmail.com
426,Asia,EMERGENCY MEDICINE,.@yopmail.com
427,Jeanna,OBSTETRIC ANESTHESIOLOGISTS,.@yopmail.com
428,Moyna,PULMONOLOGISTS,.@yopmail.com
430,Eolanda,ALLERGISTS,.@yopmail.com
431,Ermengarde,ONCOLOGIST,.@yopmail.com
432,Lorie,CRITICAL CARE MEDICINE,.@yopmail.com
433,Beverley,ANESTHESIOLOGY,.@yopmail.com
434,Verla,OTOLARYNGOLOGISTS,.@yopmail.com
435,Randa,CRITICAL CARE MEDICINE,.@yopmail.com
437,Tera,NEPHROLOGY,.@yopmail.com
438,Iseabal,GASTROENTEROLOGY,.@yopmail.com
439,Noelle,GASTROENTEROLOGY,.@yopmail.com
442,Randa,DERMATOLOGY,.@yopmail.com
443,Renie,NEPHROLOGY,.@yopmail.com
444,Daryl,INTERNISTS,.@yopmail.com
445,Cyb,HOSPICE AND PALLIATIVE CARE,.@yopmail.com
447,Asia,INTERNISTS,.@yopmail.com
448,Laurene,OPHTHALMOLOGY,.@yopmail.com
449,Harmonia,INFECTIOUS DISEASE,.@yopmail.com
450,Evita,FAMILY MEDICINE,.@yopmail.com
451,Steffane,ALLERGISTS,.@yopmail.com
452,Minne,CRITICAL CARE MEDICINE,.@yopmail.com
453,Evaleen,OBSTETRIC ANESTHESIOLOGISTS,.@yopmail.com
455,Maryellen,ONCOLOGIST,.@yopmail.com
457,Siana,ONCOLOGIST,.@yopmail.com
459,Alex,PEDIATRICS,.@yopmail.com
460,Tani,EMERGENCY MEDICINE,.@yopmail.com
461,Mady,FAMILY MEDICINE,.@yopmail.com
463,Edith,PSYCHIATRY,.@yopmail.com
464,Alex,INTERNISTS,.@yopmail.com
466,Ninnetta,PEDIATRICS,.@yopmail.com
468,Tamqrah,RADIOLOGY,.@yopmail.com
470,Etta,FAMILY MEDICINE,.@yopmail.com
472,Mildrid,ONCOLOGIST,.@yopmail.com
473,Dulcinea,DERMATOLOGY,.@yopmail.com
474,Karly,ENDOCRINOLOGIST,.@yopmail.com
475,Mariele,ANESTHESIOLOGY,.@yopmail.com
476,Lory,SURGERY,.@yopmail.com
477,Ekaterina,INFECTIOUS DISEASE,.@yopmail.com
479,Madeleine,CRITICAL CARE MEDICINE,.@yopmail.com
480,Leontine,INFECTIOUS DISEASE,.@yopmail.com
481,Carilyn,DERMATOLOGY,.@yopmail.com
483,Kellen,NEPHROLOGY,.@yopmail.com
484,Nanete,HOSPICE AND PALLIATIVE CARE,.@yopmail.com
485,Tera,OTOLARYNGOLOGISTS,.@yopmail.com
486,Janis,NEPHROLOGY,.@yopmail.com
487,Sidoney,OTOLARYNGOLOGISTS,.@yopmail.com
488,Rosanne,GERIATRICIAN,.@yopmail.com
489,Sam,NEPHROLOGY,.@yopmail.com
490,Gratia,CARDIOLOGY,.@yopmail.com
491,Jinny,INFECTIOUS DISEASE,.@yopmail.com
492,Berta,CARDIOLOGY,.@yopmail.com
493,Micheline,OPHTHALMOLOGY,.@yopmail.com
494,Mildrid,GERIATRICIAN,.@yopmail.com
495,Aeriela,OTOLARYNGOLOGISTS,.@yopmail.com
497,Tierney,OPHTHALMOLOGY,.@yopmail.com
498,Carmela,FAMILY MEDICINE,.@yopmail.com
499,Karlee,ANESTHESIOLOGY,.@yopmail.com
500,Verla,EMERGENCY MEDICINE,.@yopmail.com
501,Cathyleen,PSYCHIATRY,.@yopmail.com
502,Nikki,ONCOLOGIST,.@yopmail.com
504,Averyl,DERMATOLOGY,.@yopmail.com
505,Jobi,PULMONOLOGISTS,.@yopmail.com
506,Annora,GASTROENTEROLOGY,.@yopmail.com
509,Hope,PEDIATRICS,.@yopmail.com
510,Ada,SURGERY,.@yopmail.com
512,Arlina,PEDIATRICS,.@yopmail.com
515,Chickie,CARDIOLOGY,.@yopmail.com
516,Corene,ONCOLOGIST,.@yopmail.com
519,Maryellen,ENDOCRINOLOGIST,.@yopmail.com
521,Aeriela,GASTROENTEROLOGY,.@yopmail.com
522,Asia,DERMATOLOGY,.@yopmail.com
524,Christy,ENDOCRINOLOGIST,.@yopmail.com
526,Karly,INTERNISTS,.@yopmail.com
527,Cristabel,CARDIOLOGY,.@yopmail.com
528,Pierette,GASTROENTEROLOGY,.@yopmail.com
530,Jeanna,CRITICAL CARE MEDICINE,.@yopmail.com
532,Mureil,INFECTIOUS DISEASE,.@yopmail.com
533,Agathe,PULMONOLOGISTS,.@yopmail.com
534,Pierette,PEDIATRICS,.@yopmail.com
536,Dorene,GERIATRICIAN,.@yopmail.com
537,Carmela,ANESTHESIOLOGY,.@yopmail.com
538,Gisela,ENDOCRINOLOGIST,.@yopmail.com
539,Hallie,NEUROLOGY,.@yopmail.com
540,Talya,OTOLARYNGOLOGISTS,.@yopmail.com
542,Sandie,INFECTIOUS DISEASE,.@yopmail.com
543,Orelia,RADIOLOGY,.@yopmail.com
545,Oona,PEDIATRICS,.@yopmail.com
547,Yolane,EMERGENCY MEDICINE,.@yopmail.com
548,Karlee,CRITICAL CARE MEDICINE,.@yopmail.com
551,Morganica,ALLERGISTS,.@yopmail.com
552,Florencia,ONCOLOGIST,.@yopmail.com
555,Misha,ENDOCRINOLOGIST,.@yopmail.com
556,Wileen,SURGERY,.@yopmail.com
557,Peri,INTERNISTS,.@yopmail.com
558,Adriana,OPHTHALMOLOGY,.@yopmail.com
559,Ottilie,OTOLARYNGOLOGISTS,.@yopmail.com
560,Letizia,INFECTIOUS DISEASE,.@yopmail.com
561,Elka,INFECTIOUS DISEASE,.@yopmail.com
563,Chere,GERIATRICIAN,.@yopmail.com
564,Mahalia,ALLERGISTS,.@yopmail.com
565,Dione,PSYCHIATRY,.@yopmail.com
566,Leontine,SURGERY,.@yopmail.com
569,Corina,OTOLARYNGOLOGISTS,.@yopmail.com
570,Elise,FAMILY MEDICINE,.@yopmail.com
572,Catrina,ENDOCRINOLOGIST,.@yopmail.com
573,Gerianna,PULMONOLOGISTS,.@yopmail.com
574,Ronna,INFECTIOUS DISEASE,.@yopmail.com
577,Tilly,OBSTETRIC ANESTHESIOLOGISTS,.@yopmail.com
580,Lynnea,INTERNISTS,.@yopmail.com
581,Myriam,CARDIOLOGY,.@yopmail.com
582,Petronia,ANESTHESIOLOGY,.@yopmail.com
583,Gabi,NEPHROLOGY,.@yopmail.com
586,Desirae,GASTROENTEROLOGY,.@yopmail.com
587,Starla,NEUROLOGY,.@yopmail.com
589,Calla,DERMATOLOGY,.@yopmail.com
593,Sara-Ann,PEDIATRICS,.@yopmail.com
594,Gilda,DERMATOLOGY,.@yopmail.com
596,Sue,CRITICAL CARE MEDICINE,.@yopmail.com
597,Marti,GERIATRICIAN,.@yopmail.com
598,Fanchon,PEDIATRICS,.@yopmail.com
599,Abbie,ANESTHESIOLOGY,.@yopmail.com
600,Philis,INTERNISTS,.@yopmail.com
602,Tabbatha,ANESTHESIOLOGY,.@yopmail.com
603,Christal,PULMONOLOGISTS,.@yopmail.com
604,Karena,PSYCHIATRY,.@yopmail.com
605,Jean,OPHTHALMOLOGY,.@yopmail.com
607,Jenilee,INTERNISTS,.@yopmail.com
610,Yvonne,RADIOLOGY,.@yopmail.com
611,Shell,GASTROENTEROLOGY,.@yopmail.com
612,Krystle,PEDIATRICS,.@yopmail.com
615,Sonni,SURGERY,.@yopmail.com
616,Roseline,PULMONOLOGISTS,.@yopmail.com
617,Charissa,GERIATRICIAN,.@yopmail.com
618,Laurene,OPHTHALMOLOGY,.@yopmail.com
619,Shannah,ALLERGISTS,.@yopmail.com
625,Beverley,ENDOCRINOLOGIST,.@yopmail.com
626,Glynnis,INFECTIOUS DISEASE,.@yopmail.com
628,Shell,CRITICAL CARE MEDICINE,.@yopmail.com
629,Ada,PULMONOLOGISTS,.@yopmail.com
630,Amii,EMERGENCY MEDICINE,.@yopmail.com
632,Melina,EMERGENCY MEDICINE,.@yopmail.com
633,Laure,CARDIOLOGY,.@yopmail.com
634,Jacenta,RADIOLOGY,.@yopmail.com
636,Chrystel,OPHTHALMOLOGY,.@yopmail.com
637,Lorenza,OPHTHALMOLOGY,.@yopmail.com
638,Flo,RADIOLOGY,.@yopmail.com
639,Arabel,PEDIATRICS,.@yopmail.com
640,Rani,RADIOLOGY,.@yopmail.com
642,Sallie,OTOLARYNGOLOGISTS,.@yopmail.com
644,Corina,NEPHROLOGY,.@yopmail.com
645,Asia,OTOLARYNGOLOGISTS,.@yopmail.com
648,Marcelline,PSYCHIATRY,.@yopmail.com
650,Genevra,ONCOLOGIST,.@yopmail.com
651,Emelina,FAMILY MEDICINE,.@yopmail.com
652,Jessy,ONCOLOGIST,.@yopmail.com
654,Danika,INFECTIOUS DISEASE,.@yopmail.com
656,Merrie,OPHTHALMOLOGY,.@yopmail.com
657,Ebonee,ANESTHESIOLOGY,.@yopmail.com
658,Corina,ONCOLOGIST,.@yopmail.com
661,Darlleen,CARDIOLOGY,.@yopmail.com
662,Nadine,PEDIATRICS,.@yopmail.com
663,Maisey,OBSTETRIC ANESTHESIOLOGISTS,.@yopmail.com
664,Flo,GERIATRICIAN,.@yopmail.com
665,Ricky,ANESTHESIOLOGY,.@yopmail.com
667,Gloria,GERIATRICIAN,.@yopmail.com
668,Jessamyn,INFECTIOUS DISEASE,.@yopmail.com
669,Fredericka,SURGERY,.@yopmail.com
672,Gerianna,NEUROLOGY,.@yopmail.com
675,Brietta,PEDIATRICS,.@yopmail.com
678,Dania,INFECTIOUS DISEASE,.@yopmail.com
679,Debee,OTOLARYNGOLOGISTS,.@yopmail.com
680,Emma,EMERGENCY MEDICINE,.@yopmail.com
681,Addia,OBSTETRIC ANESTHESIOLOGISTS,.@yopmail.com
683,Nerta,OPHTHALMOLOGY,.@yopmail.com
687,Juliane,DERMATOLOGY,.@yopmail.com
688,Constance,OTOLARYNGOLOGISTS,.@yopmail.com
689,Juliane,NEPHROLOGY,.@yopmail.com
691,Andeee,ENDOCRINOLOGIST,.@yopmail.com
692,Nariko,INTERNISTS,.@yopmail.com
694,Tami,ALLERGISTS,.@yopmail.com
696,Alejandra,ENDOCRINOLOGIST,.@yopmail.com
699,Chickie,INFECTIOUS DISEASE,.@yopmail.com
700,Katleen,OPHTHALMOLOGY,.@yopmail.com
702,Clarice,DERMATOLOGY,.@yopmail.com
704,Sybille,INFECTIOUS DISEASE,.@yopmail.com
705,Rosene,OBSTETRIC ANESTHESIOLOGISTS,.@yopmail.com
706,Robbi,DERMATOLOGY,.@yopmail.com
707,Cassandra,PULMONOLOGISTS,.@yopmail.com
708,Brynna,SURGERY,.@yopmail.com
709,Gretal,ONCOLOGIST,.@yopmail.com
712,Emmey,ONCOLOGIST,.@yopmail.com
713,Morganica,NEPHROLOGY,.@yopmail.com
714,Brianna,DERMATOLOGY,.@yopmail.com
715,Hope,EMERGENCY MEDICINE,.@yopmail.com
716,Misha,ANESTHESIOLOGY,.@yopmail.com
720,Jere,NEUROLOGY,.@yopmail.com
722,Catrina,OBSTETRIC ANESTHESIOLOGISTS,.@yopmail.com
723,Katleen,NEPHROLOGY,.@yopmail.com
725,Kary,INTERNISTS,.@yopmail.com
726,Tabbatha,ONCOLOGIST,.@yopmail.com
728,Eugine,GASTROENTEROLOGY,.@yopmail.com
729,Louella,CARDIOLOGY,.@yopmail.com
730,Luci,EMERGENCY MEDICINE,.@yopmail.com
731,Joane,NEUROLOGY,.@yopmail.com
733,Teriann,HOSPICE AND PALLIATIVE CARE,.@yopmail.com
734,Chrystel,OTOLARYNGOLOGISTS,.@yopmail.com
736,Candi,ONCOLOGIST,.@yopmail.com
738,Hollie,CARDIOLOGY,.@yopmail.com
740,Charissa,NEPHROLOGY,.@yopmail.com
742,Gui,ALLERGISTS,.@yopmail.com
744,Lolita,OBSTETRIC ANESTHESIOLOGISTS,.@yopmail.com
745,Lenna,PEDIATRICS,.@yopmail.com
746,Gusty,RADIOLOGY,.@yopmail.com
747,Elie,OPHTHALMOLOGY,.@yopmail.com
748,Nanete,ONCOLOGIST,.@yopmail.com
749,Charlena,CRITICAL CARE MEDICINE,.@yopmail.com
750,Dode,OBSTETRIC ANESTHESIOLOGISTS,.@yopmail.com
752,Regina,ONCOLOGIST,.@yopmail.com
754,Riannon,ANESTHESIOLOGY,.@yopmail.com
755,Alejandra,INTERNISTS,.@yopmail.com
757,Mariele,NEUROLOGY,.@yopmail.com
759,Leona,GASTROENTEROLOGY,.@yopmail.com
760,Orsola,ONCOLOGIST,.@yopmail.com
761,Jobi,SURGERY,.@yopmail.com
763,Vonny,ALLERGISTS,.@yopmail.com
764,Lolita,NEPHROLOGY,.@yopmail.com
767,Joeann,OBSTETRIC ANESTHESIOLOGISTS,.@yopmail.com
768,Giustina,GASTROENTEROLOGY,.@yopmail.com
769,Corry,GERIATRICIAN,.@yopmail.com
770,Karly,EMERGENCY MEDICINE,.@yopmail.com
771,Karena,INTERNISTS,.@yopmail.com
773,Heddie,FAMILY MEDICINE,.@yopmail.com
775,Tera,DERMATOLOGY,.@yopmail.com
776,Carilyn,OTOLARYNGOLOGISTS,.@yopmail.com
777,Aimil,DERMATOLOGY,.@yopmail.com
778,Brana,DERMATOLOGY,.@yopmail.com
779,Nerta,GASTROENTEROLOGY,.@yopmail.com
785,Shandie,RADIOLOGY,.@yopmail.com
786,Marnia,PSYCHIATRY,.@yopmail.com
787,Taffy,OTOLARYNGOLOGISTS,.@yopmail.com
788,Leontine,FAMILY MEDICINE,.@yopmail.com
789,Karena,PULMONOLOGISTS,.@yopmail.com
790,Cacilie,FAMILY MEDICINE,.@yopmail.com
791,Charmaine,ALLERGISTS,.@yopmail.com
792,Leanna,ANESTHESIOLOGY,.@yopmail.com
794,Henriette,CARDIOLOGY,.@yopmail.com
798,Vere,ALLERGISTS,.@yopmail.com
799,Fina,PULMONOLOGISTS,.@yopmail.com
800,Hermione,RADIOLOGY,.@yopmail.com
801,Brooks,DERMATOLOGY,.@yopmail.com
802,Kial,ALLERGISTS,.@yopmail.com
803,Bernardine,OTOLARYNGOLOGISTS,.@yopmail.com
804,Rivalee,NEPHROLOGY,.@yopmail.com
805,Magdalena,OBSTETRIC ANESTHESIOLOGISTS,.@yopmail.com
806,Melisent,EMERGENCY MEDICINE,.@yopmail.com
807,Nollie,ANESTHESIOLOGY,.@yopmail.com
808,Max,DERMATOLOGY,.@yopmail.com
810,Wendi,OTOLARYNGOLOGISTS,.@yopmail.com
811,Lucille,DERMATOLOGY,.@yopmail.com
812,Marylou,INTERNISTS,.@yopmail.com
814,Rani,GASTROENTEROLOGY,.@yopmail.com
816,Linet,GASTROENTEROLOGY,.@yopmail.com
819,Nanete,PEDIATRICS,.@yopmail.com
820,Christal,NEUROLOGY,.@yopmail.com
821,Farrah,GERIATRICIAN,.@yopmail.com
822,Elise,DERMATOLOGY,.@yopmail.com
825,Roberta,OBSTETRIC ANESTHESIOLOGISTS,.@yopmail.com
826,Rosene,PSYCHIATRY,.@yopmail.com
827,Lanae,OBSTETRIC ANESTHESIOLOGISTS,.@yopmail.com
828,Sheree,NEUROLOGY,.@yopmail.com
829,Molli,ANESTHESIOLOGY,.@yopmail.com
830,Julieta,ALLERGISTS,.@yopmail.com
831,Trudie,CARDIOLOGY,.@yopmail.com
832,Ulrike,INFECTIOUS DISEASE,.@yopmail.com
837,Beatriz,ALLERGISTS,.@yopmail.com
838,Michaelina,DERMATOLOGY,.@yopmail.com
842,Aaren,SURGERY,.@yopmail.com
843,Leeanne,PULMONOLOGISTS,.@yopmail.com
844,Tybie,OBSTETRIC ANESTHESIOLOGISTS,.@yopmail.com
845,Jaclyn,OTOLARYNGOLOGISTS,.@yopmail.com
847,Nita,GASTROENTEROLOGY,.@yopmail.com
848,Tina,OTOLARYNGOLOGISTS,.@yopmail.com
849,Florie,FAMILY MEDICINE,.@yopmail.com
851,Bertine,INFECTIOUS DISEASE,.@yopmail.com
852,Dennie,OBSTETRIC ANESTHESIOLOGISTS,.@yopmail.com
853,Elka,HOSPICE AND PALLIATIVE CARE,.@yopmail.com
854,Talya,EMERGENCY MEDICINE,.@yopmail.com
855,Di,EMERGENCY MEDICINE,.@yopmail.com
856,Arabel,ONCOLOGIST,.@yopmail.com
857,Bobbi,ONCOLOGIST,.@yopmail.com
858,Jolyn,INFECTIOUS DISEASE,.@yopmail.com
859,Tomasina,PSYCHIATRY,.@yopmail.com
860,Ericka,CRITICAL CARE MEDICINE,.@yopmail.com
861,Cyndie,DERMATOLOGY,.@yopmail.com
863,Dione,GASTROENTEROLOGY,.@yopmail.com
866,Cathyleen,EMERGENCY MEDICINE,.@yopmail.com
868,Livvyy,CARDIOLOGY,.@yopmail.com
869,Aili,OTOLARYNGOLOGISTS,.@yopmail.com
870,Johna,OBSTETRIC ANESTHESIOLOGISTS,.@yopmail.com
875,Marjie,ENDOCRINOLOGIST,.@yopmail.com
877,Vevay,EMERGENCY MEDICINE,.@yopmail.com
878,Ann-Marie,DERMATOLOGY,.@yopmail.com
879,Micheline,OPHTHALMOLOGY,.@yopmail.com
880,Imojean,INFECTIOUS DISEASE,.@yopmail.com
881,Carmencita,PSYCHIATRY,.@yopmail.com
883,Teriann,PSYCHIATRY,.@yopmail.com
884,Randa,DERMATOLOGY,.@yopmail.com
885,Lilith,ALLERGISTS,.@yopmail.com
886,Calla,GASTROENTEROLOGY,.@yopmail.com
887,Marita,INFECTIOUS DISEASE,.@yopmail.com
888,Grier,DERMATOLOGY,.@yopmail.com
889,Paola,INFECTIOUS DISEASE,.@yopmail.com
890,Fredericka,INTERNISTS,.@yopmail.com
892,Brynna,CARDIOLOGY,.@yopmail.com
893,Michaelina,PULMONOLOGISTS,.@yopmail.com
894,Helsa,EMERGENCY MEDICINE,.@yopmail.com
895,Kary,RADIOLOGY,.@yopmail.com
897,Vinita,PSYCHIATRY,.@yopmail.com
898,Georgetta,INTERNISTS,.@yopmail.com
899,Tiffie,ENDOCRINOLOGIST,.@yopmail.com
900,Norine,RADIOLOGY,.@yopmail.com
902,Tressa,GERIATRICIAN,.@yopmail.com
903,Lindie,EMERGENCY MEDICINE,.@yopmail.com
905,Minne,DERMATOLOGY,.@yopmail.com
907,Ida,ONCOLOGIST,.@yopmail.com
908,Oralee,SURGERY,.@yopmail.com
909,Jean,ENDOCRINOLOGIST,.@yopmail.com
910,Minda,ANESTHESIOLOGY,.@yopmail.com
911,Lorne,NEUROLOGY,.@yopmail.com
912,Hallie,PEDIATRICS,.@yopmail.com
913,Kelly,OPHTHALMOLOGY,.@yopmail.com
914,Ronna,PEDIATRICS,.@yopmail.com
915,Marti,PULMONOLOGISTS,.@yopmail.com
916,Ninnetta,OPHTHALMOLOGY,.@yopmail.com
917,Addia,ENDOCRINOLOGIST,.@yopmail.com
919,Lucy,OPHTHALMOLOGY,.@yopmail.com
920,Nerta,OTOLARYNGOLOGISTS,.@yopmail.com
923,Hope,ANESTHESIOLOGY,.@yopmail.com
924,Roslyn,SURGERY,.@yopmail.com
925,Hyacinthe,ALLERGISTS,.@yopmail.com
926,Sashenka,RADIOLOGY,.@yopmail.com
927,Ezmeralda,NEUROLOGY,.@yopmail.com
928,Doralynne,NEUROLOGY,.@yopmail.com
929,Aryn,OBSTETRIC ANESTHESIOLOGISTS,.@yopmail.com
930,Raf,FAMILY MEDICINE,.@yopmail.com
931,Micheline,OTOLARYNGOLOGISTS,.@yopmail.com
932,Ira,OTOLARYNGOLOGISTS,.@yopmail.com
933,Ernesta,PSYCHIATRY,.@yopmail.com
934,Lorie,NEUROLOGY,.@yopmail.com
935,Misha,ONCOLOGIST,.@yopmail.com
936,Carolina,NEUROLOGY,.@yopmail.com
937,Robinia,CARDIOLOGY,.@yopmail.com
938,Hermione,PULMONOLOGISTS,.@yopmail.com
939,Melodie,ONCOLOGIST,.@yopmail.com
940,Yolane,OPHTHALMOLOGY,.@yopmail.com
942,Ada,OPHTHALMOLOGY,.@yopmail.com
943,Doro,OBSTETRIC ANESTHESIOLOGISTS,.@yopmail.com
944,Elena,ALLERGISTS,.@yopmail.com
946,Zsa Zsa,ONCOLOGIST,.@yopmail.com
947,Allis,ENDOCRINOLOGIST,.@yopmail.com
948,Kirstin,SURGERY,.@yopmail.com
949,Gilligan,GASTROENTEROLOGY,.@yopmail.com
951,Priscilla,OBSTETRIC ANESTHESIOLOGISTS,.@yopmail.com
952,Ingrid,PSYCHIATRY,.@yopmail.com
953,Andeee,SURGERY,.@yopmail.com
954,Grier,ALLERGISTS,.@yopmail.com
955,Gretal,EMERGENCY MEDICINE,.@yopmail.com
956,Merry,PULMONOLOGISTS,.@yopmail.com
957,Sissy,OTOLARYNGOLOGISTS,.@yopmail.com
959,Sharai,GERIATRICIAN,.@yopmail.com
964,Emelina,CRITICAL CARE MEDICINE,.@yopmail.com
965,Flory,OBSTETRIC ANESTHESIOLOGISTS,.@yopmail.com
967,Katuscha,DERMATOLOGY,.@yopmail.com
968,Kathy,PEDIATRICS,.@yopmail.com
971,Moyna,INFECTIOUS DISEASE,.@yopmail.com
974,Laure,RADIOLOGY,.@yopmail.com
975,Hettie,ALLERGISTS,.@yopmail.com
976,Netty,NEUROLOGY,.@yopmail.com
977,June,EMERGENCY MEDICINE,.@yopmail.com
978,Lila,FAMILY MEDICINE,.@yopmail.com
984,Dacia,GASTROENTEROLOGY,.@yopmail.com
985,Anestassia,OBSTETRIC ANESTHESIOLOGISTS,.@yopmail.com
990,Vanessa,GASTROENTEROLOGY,.@yopmail.com
991,Ericka,DERMATOLOGY,.@yopmail.com
993,Sadie,ONCOLOGIST,.@yopmail.com
994,Cristabel,ONCOLOGIST,.@yopmail.com
995,Lanae,NEUROLOGY,.@yopmail.com
997,Georgina,OBSTETRIC ANESTHESIOLOGISTS,.@yopmail.com
999,Wynne,INFECTIOUS DISEASE,.@yopmail.com
1000,Brana,NEPHROLOGY,.@yopmail.com
